[07May2026 17:11:01.530] [main/INFO] [cpw.mods.modlauncher.Launcher/MODLAUNCHER]: ModLauncher running: args [--launchTarget, forge_userdev_client, --version, MOD_DEV, --assetIndex, 29, --assetsDir, C:\Users\jakeb\.gradle\caches\forge_gradle\assets, --gameDir, .]
[07May2026 17:11:01.532] [main/INFO] [cpw.mods.modlauncher.Launcher/MODLAUNCHER]: JVM identified as Oracle Corporation Java HotSpot(TM) 64-Bit Server VM 21.0.9+7-LTS-338
[07May2026 17:11:01.532] [main/INFO] [cpw.mods.modlauncher.Launcher/MODLAUNCHER]: ModLauncher 10.2.4 starting: java version 21.0.9 by Oracle Corporation; OS Windows 11 arch amd64 version 10.0
[07May2026 17:11:01.548] [main/DEBUG] [cpw.mods.modlauncher.LaunchServiceHandler/MODLAUNCHER]: Found launch services [minecraft,forge_userdev_server_gametest,forge_dev_client,forge_userdev_data,forge_dev_server_gametest,forge_dev_client_data,forge_userdev_server,forge_client,forge_server,forge_userdev_client_data,forge_userdev_client,forge_dev_data,forge_dev,testharness,forge_userdev,forge_dev_server]
[07May2026 17:11:01.554] [main/DEBUG] [cpw.mods.modlauncher.NameMappingServiceHandler/MODLAUNCHER]: Found naming services : [srgtomcp]
[07May2026 17:11:01.565] [main/DEBUG] [cpw.mods.modlauncher.LaunchPluginHandler/MODLAUNCHER]: Found launch plugins: [mixin,slf4jfixer,runtime_enum_extender,capability_token_subclass,accesstransformer,runtimedistcleaner]
[07May2026 17:11:01.571] [main/DEBUG] [cpw.mods.modlauncher.TransformationServicesHandler/MODLAUNCHER]: Discovering transformation services
[07May2026 17:11:01.573] [main/DEBUG] [net.minecraftforge.fml.loading.FMLPaths/CORE]: Path GAMEDIR is E:\IMPORTANT\Files\Coding\Projects\Minecraft Mods\Mods\CompactToolsNew\Forge\1.21.11\run
[07May2026 17:11:01.573] [main/DEBUG] [net.minecraftforge.fml.loading.FMLPaths/CORE]: Path MODSDIR is E:\IMPORTANT\Files\Coding\Projects\Minecraft Mods\Mods\CompactToolsNew\Forge\1.21.11\run\mods
[07May2026 17:11:01.573] [main/DEBUG] [net.minecraftforge.fml.loading.FMLPaths/CORE]: Path CONFIGDIR is E:\IMPORTANT\Files\Coding\Projects\Minecraft Mods\Mods\CompactToolsNew\Forge\1.21.11\run\config
[07May2026 17:11:01.574] [main/DEBUG] [net.minecraftforge.fml.loading.FMLPaths/CORE]: Path FMLCONFIG is E:\IMPORTANT\Files\Coding\Projects\Minecraft Mods\Mods\CompactToolsNew\Forge\1.21.11\run\config\fml.toml
[07May2026 17:11:01.605] [main/INFO] [net.minecraftforge.fml.loading.ImmediateWindowHandler/]: Loading ImmediateWindowProvider fmlearlywindow
[07May2026 17:11:01.696] [main/INFO] [EARLYDISPLAY/]: Trying GL version 4.6
[07May2026 17:11:01.909] [main/INFO] [EARLYDISPLAY/]: Requested GL version 4.6 got version 4.6
[07May2026 17:11:01.941] [main/DEBUG] [cpw.mods.modlauncher.TransformationServicesHandler/MODLAUNCHER]: Found transformer service: fml: /
[07May2026 17:11:01.943] [main/DEBUG] [cpw.mods.modlauncher.TransformationServicesHandler/MODLAUNCHER]: Found transformer service: forge: /
[07May2026 17:11:01.945] [main/DEBUG] [cpw.mods.modlauncher.TransformationServicesHandler/MODLAUNCHER]: Found transformer service: mixin: /
[07May2026 17:11:01.945] [main/DEBUG] [cpw.mods.modlauncher.TransformationServicesHandler/MODLAUNCHER]: Transformation services loading
[07May2026 17:11:01.946] [main/DEBUG] [cpw.mods.modlauncher.TransformationServiceDecorator/MODLAUNCHER]: Loading service mixin
[07May2026 17:11:01.946] [main/DEBUG] [cpw.mods.modlauncher.TransformationServiceDecorator/MODLAUNCHER]: Loaded service mixin
[07May2026 17:11:01.946] [main/DEBUG] [cpw.mods.modlauncher.TransformationServiceDecorator/MODLAUNCHER]: Loading service fml
[07May2026 17:11:01.954] [main/DEBUG] [net.minecraftforge.fml.loading.FMLLoader/CORE]: Detected version data : VersionInfo[forgeVersion=61.1.5, mcVersion=1.21.11, mcpVersion=20251223.124241, forgeGroup=net.minecraftforge]
[07May2026 17:11:01.957] [main/DEBUG] [net.minecraftforge.fml.loading.LauncherVersion/CORE]: Found FMLLauncher version 61.1.5
[07May2026 17:11:01.957] [main/DEBUG] [net.minecraftforge.fml.loading.FMLLoader/CORE]: FML 61.1.5 loading
[07May2026 17:11:01.957] [main/DEBUG] [net.minecraftforge.fml.loading.FMLLoader/CORE]: Found ModLauncher version: 10.2.4
[07May2026 17:11:01.957] [main/DEBUG] [net.minecraftforge.fml.loading.FMLLoader/CORE]: Found AccessTransformer version: 8.2.2
[07May2026 17:11:01.957] [main/DEBUG] [net.minecraftforge.fml.loading.FMLLoader/CORE]: Found RuntimeDistCleaner version: 61.1.5
[07May2026 17:11:01.958] [main/DEBUG] [net.minecraftforge.fml.loading.FMLLoader/CORE]: Found ForgeSPI version: 8.0.0
[07May2026 17:11:01.958] [main/DEBUG] [cpw.mods.modlauncher.TransformationServiceDecorator/MODLAUNCHER]: Loaded service fml
[07May2026 17:11:01.958] [main/DEBUG] [cpw.mods.modlauncher.TransformationServiceDecorator/MODLAUNCHER]: Loading service forge
[07May2026 17:11:01.958] [main/DEBUG] [cpw.mods.modlauncher.TransformationServiceDecorator/MODLAUNCHER]: Loaded service forge
[07May2026 17:11:01.959] [main/DEBUG] [cpw.mods.modlauncher.TransformationServicesHandler/MODLAUNCHER]: Configuring option handling for services
[07May2026 17:11:01.964] [main/DEBUG] [cpw.mods.modlauncher.TransformationServicesHandler/MODLAUNCHER]: Transformation services initializing
[07May2026 17:11:01.965] [main/DEBUG] [cpw.mods.modlauncher.TransformationServiceDecorator/MODLAUNCHER]: Initializing transformation service mixin
[07May2026 17:11:01.994] [main/DEBUG] [mixin/]: MixinService [ModLauncher] was successfully booted in SecureModuleClassLoader[SECURE-BOOTSTRAP]@317071334
[07May2026 17:11:02.009] [main/INFO] [mixin/]: SpongePowered MIXIN Subsystem Version=0.8.7 Source=jar:file:///C:/Users/jakeb/.gradle/caches/modules-2/files-2.1/org.spongepowered/mixin/0.8.7/8ab114ac385e6dbdad5efafe28aba4df8120915f/mixin-0.8.7.jar!/ Service=ModLauncher Env=CLIENT
[07May2026 17:11:02.012] [main/DEBUG] [mixin/]: Initialising Mixin Platform Manager
[07May2026 17:11:02.012] [main/DEBUG] [mixin/]: Adding mixin platform agents for container ModLauncher Root Container(ModLauncher:4f56a0a2)
[07May2026 17:11:02.013] [main/DEBUG] [mixin/]: Instancing new MixinPlatformAgentMinecraftForge for ModLauncher Root Container(ModLauncher:4f56a0a2)
[07May2026 17:11:02.014] [main/DEBUG] [mixin/]: MixinPlatformAgentMinecraftForge rejected container ModLauncher Root Container(ModLauncher:4f56a0a2)
[07May2026 17:11:02.015] [main/DEBUG] [mixin/]: Instancing new MixinPlatformAgentDefault for ModLauncher Root Container(ModLauncher:4f56a0a2)
[07May2026 17:11:02.015] [main/DEBUG] [mixin/]: MixinPlatformAgentDefault accepted container ModLauncher Root Container(ModLauncher:4f56a0a2)
[07May2026 17:11:02.017] [main/DEBUG] [cpw.mods.modlauncher.TransformationServiceDecorator/MODLAUNCHER]: Initialized transformation service mixin
[07May2026 17:11:02.017] [main/DEBUG] [cpw.mods.modlauncher.TransformationServiceDecorator/MODLAUNCHER]: Initializing transformation service fml
[07May2026 17:11:02.017] [main/DEBUG] [net.minecraftforge.fml.loading.FMLServiceProvider/CORE]: Setting up basic FML game directories
[07May2026 17:11:02.018] [main/DEBUG] [net.minecraftforge.fml.loading.FMLPaths/CORE]: Path GAMEDIR is E:\IMPORTANT\Files\Coding\Projects\Minecraft Mods\Mods\CompactToolsNew\Forge\1.21.11\run
[07May2026 17:11:02.018] [main/DEBUG] [net.minecraftforge.fml.loading.FMLPaths/CORE]: Path MODSDIR is E:\IMPORTANT\Files\Coding\Projects\Minecraft Mods\Mods\CompactToolsNew\Forge\1.21.11\run\mods
[07May2026 17:11:02.018] [main/DEBUG] [net.minecraftforge.fml.loading.FMLPaths/CORE]: Path CONFIGDIR is E:\IMPORTANT\Files\Coding\Projects\Minecraft Mods\Mods\CompactToolsNew\Forge\1.21.11\run\config
[07May2026 17:11:02.018] [main/DEBUG] [net.minecraftforge.fml.loading.FMLPaths/CORE]: Path FMLCONFIG is E:\IMPORTANT\Files\Coding\Projects\Minecraft Mods\Mods\CompactToolsNew\Forge\1.21.11\run\config\fml.toml
[07May2026 17:11:02.018] [main/DEBUG] [net.minecraftforge.fml.loading.FMLServiceProvider/CORE]: Loading configuration
[07May2026 17:11:02.021] [main/DEBUG] [net.minecraftforge.fml.loading.FMLServiceProvider/CORE]: Preparing ModFile
[07May2026 17:11:02.023] [main/DEBUG] [net.minecraftforge.fml.loading.FMLServiceProvider/CORE]: Preparing launch handler
[07May2026 17:11:02.024] [main/DEBUG] [net.minecraftforge.fml.loading.FMLLoader/CORE]: Using forge_userdev_client as launch service
[07May2026 17:11:02.028] [main/DEBUG] [cpw.mods.modlauncher.TransformationServiceDecorator/MODLAUNCHER]: Initialized transformation service fml
[07May2026 17:11:02.029] [main/DEBUG] [cpw.mods.modlauncher.TransformationServiceDecorator/MODLAUNCHER]: Initializing transformation service forge
[07May2026 17:11:02.029] [main/DEBUG] [cpw.mods.modlauncher.TransformationServiceDecorator/MODLAUNCHER]: Initialized transformation service forge
[07May2026 17:11:02.029] [main/DEBUG] [cpw.mods.modlauncher.NameMappingServiceHandler/MODLAUNCHER]: Current naming domain is 'mcp'
[07May2026 17:11:02.029] [main/DEBUG] [cpw.mods.modlauncher.NameMappingServiceHandler/MODLAUNCHER]: Identified name mapping providers {srg=net.minecraftforge.fml.loading.MCPNamingService@778ca8ef}
[07May2026 17:11:02.029] [main/DEBUG] [cpw.mods.modlauncher.TransformationServicesHandler/MODLAUNCHER]: Transformation services begin scanning
[07May2026 17:11:02.030] [main/DEBUG] [cpw.mods.modlauncher.TransformationServiceDecorator/MODLAUNCHER]: Beginning scan trigger - transformation service mixin
[07May2026 17:11:02.030] [main/DEBUG] [cpw.mods.modlauncher.TransformationServiceDecorator/MODLAUNCHER]: End scan trigger - transformation service mixin
[07May2026 17:11:02.030] [main/DEBUG] [cpw.mods.modlauncher.TransformationServiceDecorator/MODLAUNCHER]: Beginning scan trigger - transformation service fml
[07May2026 17:11:02.030] [main/DEBUG] [net.minecraftforge.fml.loading.FMLServiceProvider/CORE]: Initiating mod scan
[07May2026 17:11:02.117] [main/DEBUG] [net.minecraftforge.fml.loading.moddiscovery.ModDiscoverer/CORE]: Found Mod Locators : (mods folder:null),(minecraft:null),(classpath:null),(forge_dev_locator:null),(forge_userdev_locator:null)
[07May2026 17:11:02.118] [main/DEBUG] [net.minecraftforge.fml.loading.moddiscovery.ModDiscoverer/CORE]: Found Dependency Locators : (JarInJar:null)
[07May2026 17:11:02.318] [EarlyDisplay/INFO] [EARLYDISPLAY/]: GL info: NVIDIA GeForce RTX 2060/PCIe/SSE2 GL version 4.6.0 NVIDIA 591.86, NVIDIA Corporation
[07May2026 17:11:02.742] [main/DEBUG] [net.minecraftforge.fml.loading.moddiscovery.ModFileInfo/LOADING]: Found valid mod file union:/C:/Users/jakeb/.gradle/caches/forge_gradle/minecraft_user_repo/net/minecraftforge/forge/1.21.11-61.1.5_mapped_parchment_2025.10.12-1.21.10/forge-1.21.11-61.1.5_mapped_parchment_2025.10.12-1.21.10-recomp.jar%230!/ with {minecraft} mods - versions {1.21.11}
[07May2026 17:11:03.159] [main/DEBUG] [net.minecraftforge.fml.loading.moddiscovery.JarInJarDependencyLocator/JAR-JAR]: Found JarJar Option: C:\Users\jakeb\.gradle\caches\modules-2\files-2.1\io.github.llamalad7\mixinextras-forge\0.5.3\fe08b69a00bf9fe41dd37eab99b2661f655e23f0\mixinextras-forge-0.5.3.jar
[07May2026 17:11:03.204] [main/DEBUG] [net.minecraftforge.fml.loading.moddiscovery.ModFileParser/LOADING]: Considering mod file candidate E:\IMPORTANT\Files\Coding\Projects\Minecraft Mods\Mods\CompactToolsNew\Forge\1.21.11\build\sourcesSets\main
[07May2026 17:11:03.214] [main/DEBUG] [net.minecraftforge.fml.loading.moddiscovery.ModFileInfo/LOADING]: Found valid mod file E:\IMPORTANT\Files\Coding\Projects\Minecraft Mods\Mods\CompactToolsNew\Forge\1.21.11\build\sourcesSets\main with {compacttools73} mods - versions {2.0.0}
[07May2026 17:11:03.346] [main/DEBUG] [net.minecraftforge.fml.loading.moddiscovery.ModFileParser/LOADING]: Considering mod file candidate /
[07May2026 17:11:03.355] [main/DEBUG] [net.minecraftforge.fml.loading.moddiscovery.ModFileInfo/LOADING]: Found valid mod file union:/C:/Users/jakeb/.gradle/caches/forge_gradle/minecraft_user_repo/net/minecraftforge/forge/1.21.11-61.1.5_mapped_parchment_2025.10.12-1.21.10/forge-1.21.11-61.1.5_mapped_parchment_2025.10.12-1.21.10-recomp.jar%231!/ with {forge} mods - versions {61.1.5}
[07May2026 17:11:03.367] [main/DEBUG] [net.minecraftforge.fml.loading.moddiscovery.JarInJarDependencyLocator/JAR-JAR]: Failed to load resource META-INF/jarjar/metadata.json from , it does not contain dependency information.
[07May2026 17:11:03.374] [main/DEBUG] [net.minecraftforge.fml.loading.moddiscovery.JarInJarDependencyLocator/JAR-JAR]: Failed to load resource META-INF/jarjar/metadata.json from main, it does not contain dependency information.
[07May2026 17:11:03.374] [main/DEBUG] [net.minecraftforge.fml.loading.moddiscovery.JarInJarDependencyLocator/JAR-JAR]: Failed to load resource META-INF/jarjar/metadata.json from , it does not contain dependency information.
[07May2026 17:11:03.374] [main/DEBUG] [net.minecraftforge.fml.loading.moddiscovery.JarInJarDependencyLocator/JAR-JAR]: Failed to load resource META-INF/jarjar/metadata.json from javafmllanguage-1.21.11-61.1.5.jar, it does not contain dependency information.
[07May2026 17:11:03.375] [main/DEBUG] [net.minecraftforge.fml.loading.moddiscovery.JarInJarDependencyLocator/JAR-JAR]: Failed to load resource META-INF/jarjar/metadata.json from mclanguage-1.21.11-61.1.5.jar, it does not contain dependency information.
[07May2026 17:11:03.375] [main/DEBUG] [net.minecraftforge.fml.loading.moddiscovery.JarInJarDependencyLocator/JAR-JAR]: Failed to load resource META-INF/jarjar/metadata.json from lowcodelanguage-1.21.11-61.1.5.jar, it does not contain dependency information.
[07May2026 17:11:03.376] [main/DEBUG] [net.minecraftforge.fml.loading.moddiscovery.JarInJarDependencyLocator/JAR-JAR]: Failed to load resource META-INF/jarjar/metadata.json from fmlcore-1.21.11-61.1.5.jar, it does not contain dependency information.
[07May2026 17:11:03.376] [main/INFO] [net.minecraftforge.fml.loading.moddiscovery.JarInJarDependencyLocator/]: No dependencies to load found. Skipping!
[07May2026 17:11:03.381] [main/DEBUG] [net.minecraftforge.fml.loading.moddiscovery.ModFile/LOADING]: Loading mod file union:/C:/Users/jakeb/.gradle/caches/forge_gradle/minecraft_user_repo/net/minecraftforge/forge/1.21.11-61.1.5_mapped_parchment_2025.10.12-1.21.10/forge-1.21.11-61.1.5_mapped_parchment_2025.10.12-1.21.10-recomp.jar%230!/ with languages [LanguageSpec[languageName=minecraft, acceptedVersions=1]]
[07May2026 17:11:03.382] [main/DEBUG] [net.minecraftforge.fml.loading.moddiscovery.ModFile/LOADING]: Loading mod file E:\IMPORTANT\Files\Coding\Projects\Minecraft Mods\Mods\CompactToolsNew\Forge\1.21.11\build\sourcesSets\main with languages [LanguageSpec[languageName=javafml, acceptedVersions=[61,)]]
[07May2026 17:11:03.382] [main/DEBUG] [net.minecraftforge.fml.loading.moddiscovery.ModFile/LOADING]: Loading mod file union:/C:/Users/jakeb/.gradle/caches/forge_gradle/minecraft_user_repo/net/minecraftforge/forge/1.21.11-61.1.5_mapped_parchment_2025.10.12-1.21.10/forge-1.21.11-61.1.5_mapped_parchment_2025.10.12-1.21.10-recomp.jar%231!/ with languages [LanguageSpec[languageName=javafml, acceptedVersions=[24,]]]
[07May2026 17:11:03.386] [main/DEBUG] [cpw.mods.modlauncher.TransformationServiceDecorator/MODLAUNCHER]: End scan trigger - transformation service fml
[07May2026 17:11:03.387] [main/DEBUG] [cpw.mods.modlauncher.TransformationServiceDecorator/MODLAUNCHER]: Beginning scan trigger - transformation service forge
[07May2026 17:11:03.387] [main/DEBUG] [cpw.mods.modlauncher.TransformationServiceDecorator/MODLAUNCHER]: End scan trigger - transformation service forge
[07May2026 17:11:03.411] [main/DEBUG] [net.minecraftforge.fml.loading.LanguageLoadingProvider/CORE]: Found 3 language providers
[07May2026 17:11:03.411] [main/DEBUG] [net.minecraftforge.fml.loading.LanguageLoadingProvider/CORE]: Found language provider minecraft, version 1.0
[07May2026 17:11:03.412] [main/DEBUG] [net.minecraftforge.fml.loading.LanguageLoadingProvider/CORE]: Found language provider lowcodefml, version 61
[07May2026 17:11:03.412] [main/DEBUG] [net.minecraftforge.fml.loading.LanguageLoadingProvider/CORE]: Found language provider javafml, version 61.1.5
[07May2026 17:11:03.414] [main/DEBUG] [net.minecraftforge.fml.loading.ModSorter/]: Configured system mods: [minecraft, forge]
[07May2026 17:11:03.415] [main/DEBUG] [net.minecraftforge.fml.loading.ModSorter/]: Found system mod: minecraft
[07May2026 17:11:03.415] [main/DEBUG] [net.minecraftforge.fml.loading.ModSorter/]: Found system mod: forge
[07May2026 17:11:03.420] [main/DEBUG] [net.minecraftforge.fml.loading.ModSorter/LOADING]: Found 2 mod requirements (2 mandatory, 0 optional)
[07May2026 17:11:03.420] [main/DEBUG] [net.minecraftforge.fml.loading.ModSorter/LOADING]: Found 0 mod requirements missing (0 mandatory, 0 optional)
[07May2026 17:11:03.551] [main/DEBUG] [net.minecraftforge.fml.loading.MCPNamingService/CORE]: Loaded 46568 method mappings from methods.csv
[07May2026 17:11:03.600] [main/DEBUG] [net.minecraftforge.fml.loading.MCPNamingService/CORE]: Loaded 41703 field mappings from fields.csv
[07May2026 17:11:03.635] [main/DEBUG] [cpw.mods.modlauncher.TransformationServicesHandler/MODLAUNCHER]: Transformation services loading transformers
[07May2026 17:11:03.636] [main/DEBUG] [cpw.mods.modlauncher.TransformationServiceDecorator/MODLAUNCHER]: Initializing transformers for transformation service mixin
[07May2026 17:11:03.636] [main/DEBUG] [cpw.mods.modlauncher.TransformationServiceDecorator/MODLAUNCHER]: Initialized transformers for transformation service mixin
[07May2026 17:11:03.636] [main/DEBUG] [cpw.mods.modlauncher.TransformationServiceDecorator/MODLAUNCHER]: Initializing transformers for transformation service fml
[07May2026 17:11:03.636] [main/DEBUG] [cpw.mods.modlauncher.TransformationServiceDecorator/MODLAUNCHER]: Initialized transformers for transformation service fml
[07May2026 17:11:03.636] [main/DEBUG] [cpw.mods.modlauncher.TransformationServiceDecorator/MODLAUNCHER]: Initializing transformers for transformation service forge
[07May2026 17:11:03.655] [main/DEBUG] [cpw.mods.modlauncher.TransformStore/MODLAUNCHER]: Adding transformer FieldToMethodTransformer[className=net.minecraft.world.effect.MobEffectInstance, fields={effect=getEffect}] to Target : CLASS {Lnet/minecraft/world/effect/MobEffectInstance;} {} {V}
[07May2026 17:11:03.657] [main/DEBUG] [cpw.mods.modlauncher.TransformStore/MODLAUNCHER]: Adding transformer FieldToMethodTransformer[className=net.minecraft.world.item.BucketItem, fields={content=getFluid}] to Target : CLASS {Lnet/minecraft/world/item/BucketItem;} {} {V}
[07May2026 17:11:03.657] [main/DEBUG] [cpw.mods.modlauncher.TransformStore/MODLAUNCHER]: Adding transformer FieldToMethodTransformer[className=net.minecraft.world.level.biome.Biome, fields={climateSettings=getModifiedClimateSettings, specialEffects=getModifiedSpecialEffects}] to Target : CLASS {Lnet/minecraft/world/level/biome/Biome;} {} {V}
[07May2026 17:11:03.657] [main/DEBUG] [cpw.mods.modlauncher.TransformStore/MODLAUNCHER]: Adding transformer FieldToMethodTransformer[className=net.minecraft.world.level.block.FlowerPotBlock, fields={potted=getPotted}] to Target : CLASS {Lnet/minecraft/world/level/block/FlowerPotBlock;} {} {V}
[07May2026 17:11:03.657] [main/DEBUG] [cpw.mods.modlauncher.TransformStore/MODLAUNCHER]: Adding transformer FieldToMethodTransformer[className=net.minecraft.world.level.block.LiquidBlock, fields={fluid=getFluid}] to Target : CLASS {Lnet/minecraft/world/level/block/LiquidBlock;} {} {V}
[07May2026 17:11:03.663] [main/DEBUG] [cpw.mods.modlauncher.TransformStore/MODLAUNCHER]: Adding transformer MethodRedirector[] to Target : CLASS {Lnet/minecraft/world/entity/EntityType;} {} {V}
[07May2026 17:11:03.663] [main/DEBUG] [cpw.mods.modlauncher.TransformStore/MODLAUNCHER]: Adding transformer MethodRedirector[] to Target : CLASS {Lnet/minecraft/world/entity/animal/equine/ZombieHorse;} {} {V}
[07May2026 17:11:03.663] [main/DEBUG] [cpw.mods.modlauncher.TransformStore/MODLAUNCHER]: Adding transformer MethodRedirector[] to Target : CLASS {Lnet/minecraft/world/level/levelgen/structure/structures/WoodlandMansionPieces$WoodlandMansionPiece;} {} {V}
[07May2026 17:11:03.663] [main/DEBUG] [cpw.mods.modlauncher.TransformStore/MODLAUNCHER]: Adding transformer MethodRedirector[] to Target : CLASS {Lnet/minecraft/world/entity/raid/Raid;} {} {V}
[07May2026 17:11:03.663] [main/DEBUG] [cpw.mods.modlauncher.TransformStore/MODLAUNCHER]: Adding transformer MethodRedirector[] to Target : CLASS {Lnet/minecraft/world/level/levelgen/structure/structures/SwampHutPiece;} {} {V}
[07May2026 17:11:03.664] [main/DEBUG] [cpw.mods.modlauncher.TransformStore/MODLAUNCHER]: Adding transformer MethodRedirector[] to Target : CLASS {Lnet/minecraft/world/entity/monster/zombie/Zombie;} {} {V}
[07May2026 17:11:03.664] [main/DEBUG] [cpw.mods.modlauncher.TransformStore/MODLAUNCHER]: Adding transformer MethodRedirector[] to Target : CLASS {Lnet/minecraft/world/entity/monster/zombie/Drowned;} {} {V}
[07May2026 17:11:03.664] [main/DEBUG] [cpw.mods.modlauncher.TransformStore/MODLAUNCHER]: Adding transformer MethodRedirector[] to Target : CLASS {Lnet/minecraft/world/entity/monster/zombie/Husk;} {} {V}
[07May2026 17:11:03.665] [main/DEBUG] [cpw.mods.modlauncher.TransformStore/MODLAUNCHER]: Adding transformer MethodRedirector[] to Target : CLASS {Lnet/minecraft/server/commands/SummonCommand;} {} {V}
[07May2026 17:11:03.665] [main/DEBUG] [cpw.mods.modlauncher.TransformStore/MODLAUNCHER]: Adding transformer MethodRedirector[] to Target : CLASS {Lnet/minecraft/gametest/framework/GameTestHelper;} {} {V}
[07May2026 17:11:03.665] [main/DEBUG] [cpw.mods.modlauncher.TransformStore/MODLAUNCHER]: Adding transformer MethodRedirector[] to Target : CLASS {Lnet/minecraft/world/level/levelgen/structure/templatesystem/StructureTemplate;} {} {V}
[07May2026 17:11:03.665] [main/DEBUG] [cpw.mods.modlauncher.TransformStore/MODLAUNCHER]: Adding transformer MethodRedirector[] to Target : CLASS {Lnet/minecraft/world/entity/monster/spider/Spider;} {} {V}
[07May2026 17:11:03.665] [main/DEBUG] [cpw.mods.modlauncher.TransformStore/MODLAUNCHER]: Adding transformer MethodRedirector[] to Target : CLASS {Lnet/minecraft/world/entity/monster/illager/Evoker$EvokerSummonSpellGoal;} {} {V}
[07May2026 17:11:03.665] [main/DEBUG] [cpw.mods.modlauncher.TransformStore/MODLAUNCHER]: Adding transformer MethodRedirector[] to Target : CLASS {Lnet/minecraft/world/entity/animal/frog/Tadpole;} {} {V}
[07May2026 17:11:03.665] [main/DEBUG] [cpw.mods.modlauncher.TransformStore/MODLAUNCHER]: Adding transformer MethodRedirector[] to Target : CLASS {Lnet/minecraft/world/entity/animal/equine/SkeletonTrapGoal;} {} {V}
[07May2026 17:11:03.666] [main/DEBUG] [cpw.mods.modlauncher.TransformStore/MODLAUNCHER]: Adding transformer MethodRedirector[] to Target : CLASS {Lnet/minecraft/world/entity/npc/CatSpawner;} {} {V}
[07May2026 17:11:03.666] [main/DEBUG] [cpw.mods.modlauncher.TransformStore/MODLAUNCHER]: Adding transformer MethodRedirector[] to Target : CLASS {Lnet/minecraft/world/level/levelgen/PatrolSpawner;} {} {V}
[07May2026 17:11:03.666] [main/DEBUG] [cpw.mods.modlauncher.TransformStore/MODLAUNCHER]: Adding transformer MethodRedirector[] to Target : CLASS {Lnet/minecraft/server/commands/RaidCommand;} {} {V}
[07May2026 17:11:03.666] [main/DEBUG] [cpw.mods.modlauncher.TransformStore/MODLAUNCHER]: Adding transformer MethodRedirector[] to Target : CLASS {Lnet/minecraft/world/level/block/entity/trialspawner/TrialSpawner;} {} {V}
[07May2026 17:11:03.666] [main/DEBUG] [cpw.mods.modlauncher.TransformStore/MODLAUNCHER]: Adding transformer MethodRedirector[] to Target : CLASS {Lnet/minecraft/world/level/levelgen/PhantomSpawner;} {} {V}
[07May2026 17:11:03.666] [main/DEBUG] [cpw.mods.modlauncher.TransformStore/MODLAUNCHER]: Adding transformer MethodRedirector[] to Target : CLASS {Lnet/minecraft/world/entity/npc/villager/Villager;} {} {V}
[07May2026 17:11:03.666] [main/DEBUG] [cpw.mods.modlauncher.TransformStore/MODLAUNCHER]: Adding transformer MethodRedirector[] to Target : CLASS {Lnet/minecraft/world/level/NaturalSpawner;} {} {V}
[07May2026 17:11:03.666] [main/DEBUG] [cpw.mods.modlauncher.TransformStore/MODLAUNCHER]: Adding transformer MethodRedirector[] to Target : CLASS {Lnet/minecraft/world/entity/monster/Strider;} {} {V}
[07May2026 17:11:03.666] [main/DEBUG] [cpw.mods.modlauncher.TransformStore/MODLAUNCHER]: Adding transformer MethodRedirector[] to Target : CLASS {Lnet/minecraft/world/entity/monster/zombie/ZombieVillager;} {} {V}
[07May2026 17:11:03.667] [main/DEBUG] [cpw.mods.modlauncher.TransformStore/MODLAUNCHER]: Adding transformer MethodRedirector[] to Target : CLASS {Lnet/minecraft/world/level/levelgen/structure/structures/OceanRuinPieces$OceanRuinPiece;} {} {V}
[07May2026 17:11:03.667] [main/DEBUG] [cpw.mods.modlauncher.TransformStore/MODLAUNCHER]: Adding transformer MethodRedirector[] to Target : CLASS {Lnet/minecraft/world/entity/ai/village/VillageSiege;} {} {V}
[07May2026 17:11:03.668] [main/DEBUG] [cpw.mods.modlauncher.TransformStore/MODLAUNCHER]: Adding transformer MethodRedirector[] to Target : CLASS {Lnet/minecraft/world/level/levelgen/structure/structures/OceanMonumentPieces$OceanMonumentPiece;} {} {V}
[07May2026 17:11:03.668] [main/DEBUG] [cpw.mods.modlauncher.TransformationServiceDecorator/MODLAUNCHER]: Initialized transformers for transformation service forge
[07May2026 17:11:03.737] [main/DEBUG] [mixin/]: Processing prepare() for PlatformAgent[MixinPlatformAgentDefault:ModLauncher Root Container(ModLauncher:4f56a0a2)]
[07May2026 17:11:03.737] [main/DEBUG] [mixin/]: Processing launch tasks for PlatformAgent[MixinPlatformAgentDefault:ModLauncher Root Container(ModLauncher:4f56a0a2)]
[07May2026 17:11:03.738] [main/DEBUG] [mixin/]: Adding mixin platform agents for container SecureJarResource(mixin.synthetic)
[07May2026 17:11:03.738] [main/DEBUG] [mixin/]: Instancing new MixinPlatformAgentMinecraftForge for SecureJarResource(mixin.synthetic)
[07May2026 17:11:03.738] [main/DEBUG] [mixin/]: MixinPlatformAgentMinecraftForge rejected container SecureJarResource(mixin.synthetic)
[07May2026 17:11:03.738] [main/DEBUG] [mixin/]: Instancing new MixinPlatformAgentDefault for SecureJarResource(mixin.synthetic)
[07May2026 17:11:03.738] [main/DEBUG] [mixin/]: MixinPlatformAgentDefault accepted container SecureJarResource(mixin.synthetic)
[07May2026 17:11:03.738] [main/DEBUG] [mixin/]: Processing prepare() for PlatformAgent[MixinPlatformAgentDefault:SecureJarResource(mixin.synthetic)]
[07May2026 17:11:03.739] [main/DEBUG] [mixin/]: Adding mixin platform agents for container SecureJarResource(minecraft)
[07May2026 17:11:03.739] [main/DEBUG] [mixin/]: Instancing new MixinPlatformAgentMinecraftForge for SecureJarResource(minecraft)
[07May2026 17:11:03.739] [main/DEBUG] [mixin/]: MixinPlatformAgentMinecraftForge rejected container SecureJarResource(minecraft)
[07May2026 17:11:03.739] [main/DEBUG] [mixin/]: Instancing new MixinPlatformAgentDefault for SecureJarResource(minecraft)
[07May2026 17:11:03.739] [main/DEBUG] [mixin/]: MixinPlatformAgentDefault accepted container SecureJarResource(minecraft)
[07May2026 17:11:03.739] [main/DEBUG] [mixin/]: Processing prepare() for PlatformAgent[MixinPlatformAgentDefault:SecureJarResource(minecraft)]
[07May2026 17:11:03.739] [main/DEBUG] [mixin/]: Adding mixin platform agents for container SecureJarResource(compacttools73)
[07May2026 17:11:03.739] [main/DEBUG] [mixin/]: Instancing new MixinPlatformAgentMinecraftForge for SecureJarResource(compacttools73)
[07May2026 17:11:03.739] [main/DEBUG] [mixin/]: MixinPlatformAgentMinecraftForge rejected container SecureJarResource(compacttools73)
[07May2026 17:11:03.740] [main/DEBUG] [mixin/]: Instancing new MixinPlatformAgentDefault for SecureJarResource(compacttools73)
[07May2026 17:11:03.740] [main/DEBUG] [mixin/]: MixinPlatformAgentDefault accepted container SecureJarResource(compacttools73)
[07May2026 17:11:03.740] [main/DEBUG] [mixin/]: Processing prepare() for PlatformAgent[MixinPlatformAgentDefault:SecureJarResource(compacttools73)]
[07May2026 17:11:03.740] [main/DEBUG] [mixin/]: Adding mixin platform agents for container SecureJarResource(net.minecraftforge.forge)
[07May2026 17:11:03.741] [main/DEBUG] [mixin/]: Instancing new MixinPlatformAgentMinecraftForge for SecureJarResource(net.minecraftforge.forge)
[07May2026 17:11:03.741] [main/DEBUG] [mixin/]: MixinPlatformAgentMinecraftForge rejected container SecureJarResource(net.minecraftforge.forge)
[07May2026 17:11:03.741] [main/DEBUG] [mixin/]: Instancing new MixinPlatformAgentDefault for SecureJarResource(net.minecraftforge.forge)
[07May2026 17:11:03.741] [main/DEBUG] [mixin/]: MixinPlatformAgentDefault accepted container SecureJarResource(net.minecraftforge.forge)
[07May2026 17:11:03.742] [main/DEBUG] [mixin/]: Processing prepare() for PlatformAgent[MixinPlatformAgentDefault:SecureJarResource(net.minecraftforge.forge)]
[07May2026 17:11:03.742] [main/DEBUG] [mixin/]: inject() running with 5 agents
[07May2026 17:11:03.742] [main/DEBUG] [mixin/]: Processing inject() for PlatformAgent[MixinPlatformAgentDefault:ModLauncher Root Container(ModLauncher:4f56a0a2)]
[07May2026 17:11:03.742] [main/DEBUG] [mixin/]: Processing inject() for PlatformAgent[MixinPlatformAgentDefault:SecureJarResource(mixin.synthetic)]
[07May2026 17:11:03.743] [main/DEBUG] [mixin/]: Processing inject() for PlatformAgent[MixinPlatformAgentDefault:SecureJarResource(minecraft)]
[07May2026 17:11:03.743] [main/DEBUG] [mixin/]: Processing inject() for PlatformAgent[MixinPlatformAgentDefault:SecureJarResource(compacttools73)]
[07May2026 17:11:03.743] [main/DEBUG] [mixin/]: Processing inject() for PlatformAgent[MixinPlatformAgentDefault:SecureJarResource(net.minecraftforge.forge)]
[07May2026 17:11:03.743] [main/INFO] [cpw.mods.modlauncher.LaunchServiceHandler/MODLAUNCHER]: Launching target 'forge_userdev_client' with arguments [--version, MOD_DEV, --gameDir, ., --assetsDir, C:\Users\jakeb\.gradle\caches\forge_gradle\assets, --assetIndex, 29]
[07May2026 17:11:03.795] [main/DEBUG] [mixin/]: Preparing mixins for MixinEnvironment[DEFAULT]
[07May2026 17:11:04.038] [main/DEBUG] [io.netty.util.internal.logging.InternalLoggerFactory/]: Using SLF4J as the default logging framework
[07May2026 17:11:04.040] [main/DEBUG] [io.netty.util.ResourceLeakDetector/]: -Dio.netty.leakDetection.level: simple
[07May2026 17:11:04.040] [main/DEBUG] [io.netty.util.ResourceLeakDetector/]: -Dio.netty.leakDetection.targetRecords: 4
[07May2026 17:11:05.271] [Datafixer Bootstrap/INFO] [com.mojang.datafixers.DataFixerBuilder/]: 287 Datafixer optimizations took 586 milliseconds
[07May2026 17:11:05.682] [pool-5-thread-1/DEBUG] [net.minecraftforge.forge.transformers.MethodRedirector/]: Redirecting method call finalizeSpawn(Lnet/minecraft/world/level/ServerLevelAccessor;Lnet/minecraft/world/DifficultyInstance;Lnet/minecraft/world/entity/EntitySpawnReason;Lnet/minecraft/world/entity/SpawnGroupData;)Lnet/minecraft/world/entity/SpawnGroupData; to onFinalizeSpawn(Lnet/minecraft/world/entity/Mob;Lnet/minecraft/world/level/ServerLevelAccessor;Lnet/minecraft/world/DifficultyInstance;Lnet/minecraft/world/entity/EntitySpawnReason;Lnet/minecraft/world/entity/SpawnGroupData;)Lnet/minecraft/world/entity/SpawnGroupData; inside of net/minecraft/world/entity/EntityType.create
[07May2026 17:11:07.383] [pool-5-thread-1/DEBUG] [net.minecraftforge.forge.transformers.MethodRedirector/]: Redirecting method call finalizeSpawn(Lnet/minecraft/world/level/ServerLevelAccessor;Lnet/minecraft/world/DifficultyInstance;Lnet/minecraft/world/entity/EntitySpawnReason;Lnet/minecraft/world/entity/SpawnGroupData;)Lnet/minecraft/world/entity/SpawnGroupData; to onFinalizeSpawn(Lnet/minecraft/world/entity/Mob;Lnet/minecraft/world/level/ServerLevelAccessor;Lnet/minecraft/world/DifficultyInstance;Lnet/minecraft/world/entity/EntitySpawnReason;Lnet/minecraft/world/entity/SpawnGroupData;)Lnet/minecraft/world/entity/SpawnGroupData; inside of net/minecraft/world/entity/animal/frog/Tadpole.lambda$ageUp$1
[07May2026 17:11:07.688] [pool-5-thread-1/DEBUG] [net.minecraftforge.forge.transformers.MethodRedirector/]: Redirecting method call finalizeSpawn(Lnet/minecraft/world/level/ServerLevelAccessor;Lnet/minecraft/world/DifficultyInstance;Lnet/minecraft/world/entity/EntitySpawnReason;Lnet/minecraft/world/entity/SpawnGroupData;)Lnet/minecraft/world/entity/SpawnGroupData; to onFinalizeSpawn(Lnet/minecraft/world/entity/Mob;Lnet/minecraft/world/level/ServerLevelAccessor;Lnet/minecraft/world/DifficultyInstance;Lnet/minecraft/world/entity/EntitySpawnReason;Lnet/minecraft/world/entity/SpawnGroupData;)Lnet/minecraft/world/entity/SpawnGroupData; inside of net/minecraft/world/entity/monster/spider/Spider.finalizeSpawn
[07May2026 17:11:07.716] [pool-5-thread-1/DEBUG] [net.minecraftforge.forge.transformers.MethodRedirector/]: Redirecting method call finalizeSpawn(Lnet/minecraft/world/level/ServerLevelAccessor;Lnet/minecraft/world/DifficultyInstance;Lnet/minecraft/world/entity/EntitySpawnReason;Lnet/minecraft/world/entity/SpawnGroupData;)Lnet/minecraft/world/entity/SpawnGroupData; to onFinalizeSpawn(Lnet/minecraft/world/entity/Mob;Lnet/minecraft/world/level/ServerLevelAccessor;Lnet/minecraft/world/DifficultyInstance;Lnet/minecraft/world/entity/EntitySpawnReason;Lnet/minecraft/world/entity/SpawnGroupData;)Lnet/minecraft/world/entity/SpawnGroupData; inside of net/minecraft/world/entity/monster/zombie/Drowned.finalizeSpawn
[07May2026 17:11:07.717] [pool-5-thread-1/DEBUG] [net.minecraftforge.forge.transformers.MethodRedirector/]: Redirecting method call finalizeSpawn(Lnet/minecraft/world/level/ServerLevelAccessor;Lnet/minecraft/world/DifficultyInstance;Lnet/minecraft/world/entity/EntitySpawnReason;Lnet/minecraft/world/entity/SpawnGroupData;)Lnet/minecraft/world/entity/SpawnGroupData; to onFinalizeSpawn(Lnet/minecraft/world/entity/Mob;Lnet/minecraft/world/level/ServerLevelAccessor;Lnet/minecraft/world/DifficultyInstance;Lnet/minecraft/world/entity/EntitySpawnReason;Lnet/minecraft/world/entity/SpawnGroupData;)Lnet/minecraft/world/entity/SpawnGroupData; inside of net/minecraft/world/entity/monster/zombie/Zombie.hurtServer
[07May2026 17:11:07.717] [pool-5-thread-1/DEBUG] [net.minecraftforge.forge.transformers.MethodRedirector/]: Redirecting method call finalizeSpawn(Lnet/minecraft/world/level/ServerLevelAccessor;Lnet/minecraft/world/DifficultyInstance;Lnet/minecraft/world/entity/EntitySpawnReason;Lnet/minecraft/world/entity/SpawnGroupData;)Lnet/minecraft/world/entity/SpawnGroupData; to onFinalizeSpawn(Lnet/minecraft/world/entity/Mob;Lnet/minecraft/world/level/ServerLevelAccessor;Lnet/minecraft/world/DifficultyInstance;Lnet/minecraft/world/entity/EntitySpawnReason;Lnet/minecraft/world/entity/SpawnGroupData;)Lnet/minecraft/world/entity/SpawnGroupData; inside of net/minecraft/world/entity/monster/zombie/Zombie.finalizeSpawn
[07May2026 17:11:07.717] [pool-5-thread-1/DEBUG] [net.minecraftforge.forge.transformers.MethodRedirector/]: Redirecting method call finalizeSpawn(Lnet/minecraft/world/level/ServerLevelAccessor;Lnet/minecraft/world/DifficultyInstance;Lnet/minecraft/world/entity/EntitySpawnReason;Lnet/minecraft/world/entity/SpawnGroupData;)Lnet/minecraft/world/entity/SpawnGroupData; to onFinalizeSpawn(Lnet/minecraft/world/entity/Mob;Lnet/minecraft/world/level/ServerLevelAccessor;Lnet/minecraft/world/DifficultyInstance;Lnet/minecraft/world/entity/EntitySpawnReason;Lnet/minecraft/world/entity/SpawnGroupData;)Lnet/minecraft/world/entity/SpawnGroupData; inside of net/minecraft/world/entity/monster/zombie/Zombie.lambda$m_446829_$4
[07May2026 17:11:07.722] [pool-5-thread-1/DEBUG] [net.minecraftforge.forge.transformers.MethodRedirector/]: Redirecting method call finalizeSpawn(Lnet/minecraft/world/level/ServerLevelAccessor;Lnet/minecraft/world/DifficultyInstance;Lnet/minecraft/world/entity/EntitySpawnReason;Lnet/minecraft/world/entity/SpawnGroupData;)Lnet/minecraft/world/entity/SpawnGroupData; to onFinalizeSpawn(Lnet/minecraft/world/entity/Mob;Lnet/minecraft/world/level/ServerLevelAccessor;Lnet/minecraft/world/DifficultyInstance;Lnet/minecraft/world/entity/EntitySpawnReason;Lnet/minecraft/world/entity/SpawnGroupData;)Lnet/minecraft/world/entity/SpawnGroupData; inside of net/minecraft/world/entity/npc/villager/Villager.getBreedOffspring
[07May2026 17:11:07.722] [pool-5-thread-1/DEBUG] [net.minecraftforge.forge.transformers.MethodRedirector/]: Redirecting method call finalizeSpawn(Lnet/minecraft/world/level/ServerLevelAccessor;Lnet/minecraft/world/DifficultyInstance;Lnet/minecraft/world/entity/EntitySpawnReason;Lnet/minecraft/world/entity/SpawnGroupData;)Lnet/minecraft/world/entity/SpawnGroupData; to onFinalizeSpawn(Lnet/minecraft/world/entity/Mob;Lnet/minecraft/world/level/ServerLevelAccessor;Lnet/minecraft/world/DifficultyInstance;Lnet/minecraft/world/entity/EntitySpawnReason;Lnet/minecraft/world/entity/SpawnGroupData;)Lnet/minecraft/world/entity/SpawnGroupData; inside of net/minecraft/world/entity/npc/villager/Villager.lambda$thunderHit$8
[07May2026 17:11:07.729] [pool-5-thread-1/DEBUG] [net.minecraftforge.forge.transformers.MethodRedirector/]: Redirecting method call finalizeSpawn(Lnet/minecraft/world/level/ServerLevelAccessor;Lnet/minecraft/world/DifficultyInstance;Lnet/minecraft/world/entity/EntitySpawnReason;Lnet/minecraft/world/entity/SpawnGroupData;)Lnet/minecraft/world/entity/SpawnGroupData; to onFinalizeSpawn(Lnet/minecraft/world/entity/Mob;Lnet/minecraft/world/level/ServerLevelAccessor;Lnet/minecraft/world/DifficultyInstance;Lnet/minecraft/world/entity/EntitySpawnReason;Lnet/minecraft/world/entity/SpawnGroupData;)Lnet/minecraft/world/entity/SpawnGroupData; inside of net/minecraft/world/entity/monster/zombie/ZombieVillager.lambda$m_441746_$2
[07May2026 17:11:07.754] [pool-5-thread-1/ERROR] [net.minecraftforge.forge.transformers.MethodRedirector/]: Failed to redirect method call for finalizeSpawn! Method performSpellCasting()V not found in class net/minecraft/world/entity/monster/illager/Evoker$EvokerSummonSpellGoal! This is a Forge bug, and is likely due to a Minecraft update changing something.
[07May2026 17:11:07.793] [pool-5-thread-1/DEBUG] [net.minecraftforge.forge.transformers.MethodRedirector/]: Redirecting method call finalizeSpawn(Lnet/minecraft/world/level/ServerLevelAccessor;Lnet/minecraft/world/DifficultyInstance;Lnet/minecraft/world/entity/EntitySpawnReason;Lnet/minecraft/world/entity/SpawnGroupData;)Lnet/minecraft/world/entity/SpawnGroupData; to onFinalizeSpawn(Lnet/minecraft/world/entity/Mob;Lnet/minecraft/world/level/ServerLevelAccessor;Lnet/minecraft/world/DifficultyInstance;Lnet/minecraft/world/entity/EntitySpawnReason;Lnet/minecraft/world/entity/SpawnGroupData;)Lnet/minecraft/world/entity/SpawnGroupData; inside of net/minecraft/world/entity/monster/zombie/Husk.finalizeSpawn
[07May2026 17:11:07.793] [pool-5-thread-1/DEBUG] [net.minecraftforge.forge.transformers.MethodRedirector/]: Redirecting method call finalizeSpawn(Lnet/minecraft/world/level/ServerLevelAccessor;Lnet/minecraft/world/DifficultyInstance;Lnet/minecraft/world/entity/EntitySpawnReason;Lnet/minecraft/world/entity/SpawnGroupData;)Lnet/minecraft/world/entity/SpawnGroupData; to onFinalizeSpawn(Lnet/minecraft/world/entity/Mob;Lnet/minecraft/world/level/ServerLevelAccessor;Lnet/minecraft/world/DifficultyInstance;Lnet/minecraft/world/entity/EntitySpawnReason;Lnet/minecraft/world/entity/SpawnGroupData;)Lnet/minecraft/world/entity/SpawnGroupData; inside of net/minecraft/world/entity/monster/zombie/Husk.finalizeSpawn
[07May2026 17:11:07.928] [pool-5-thread-1/ERROR] [net.minecraftforge.forge.transformers.MethodRedirector/]: Failed to redirect method call for finalizeSpawn! Method createHorse(Lnet/minecraft/world/DifficultyInstance;)Lnet/minecraft/world/entity/animal/equine/AbstractHorse; not found in class net/minecraft/world/entity/animal/equine/SkeletonTrapGoal! This is a Forge bug, and is likely due to a Minecraft update changing something.
[07May2026 17:11:07.928] [pool-5-thread-1/ERROR] [net.minecraftforge.forge.transformers.MethodRedirector/]: Failed to redirect method call for finalizeSpawn! Method createSkeleton(Lnet/minecraft/world/DifficultyInstance;Lnet/minecraft/world/entity/animal/equine/AbstractHorse;)Lnet/minecraft/world/entity/monster/skeleton/Skeleton; not found in class net/minecraft/world/entity/animal/equine/SkeletonTrapGoal! This is a Forge bug, and is likely due to a Minecraft update changing something.
[07May2026 17:11:07.938] [pool-5-thread-1/DEBUG] [net.minecraftforge.forge.transformers.MethodRedirector/]: Redirecting method call finalizeSpawn(Lnet/minecraft/world/level/ServerLevelAccessor;Lnet/minecraft/world/DifficultyInstance;Lnet/minecraft/world/entity/EntitySpawnReason;Lnet/minecraft/world/entity/SpawnGroupData;)Lnet/minecraft/world/entity/SpawnGroupData; to onFinalizeSpawn(Lnet/minecraft/world/entity/Mob;Lnet/minecraft/world/level/ServerLevelAccessor;Lnet/minecraft/world/DifficultyInstance;Lnet/minecraft/world/entity/EntitySpawnReason;Lnet/minecraft/world/entity/SpawnGroupData;)Lnet/minecraft/world/entity/SpawnGroupData; inside of net/minecraft/world/entity/monster/Strider.spawnJockey
[07May2026 17:11:07.977] [pool-5-thread-1/DEBUG] [net.minecraftforge.forge.transformers.MethodRedirector/]: Redirecting method call finalizeSpawn(Lnet/minecraft/world/level/ServerLevelAccessor;Lnet/minecraft/world/DifficultyInstance;Lnet/minecraft/world/entity/EntitySpawnReason;Lnet/minecraft/world/entity/SpawnGroupData;)Lnet/minecraft/world/entity/SpawnGroupData; to onFinalizeSpawn(Lnet/minecraft/world/entity/Mob;Lnet/minecraft/world/level/ServerLevelAccessor;Lnet/minecraft/world/DifficultyInstance;Lnet/minecraft/world/entity/EntitySpawnReason;Lnet/minecraft/world/entity/SpawnGroupData;)Lnet/minecraft/world/entity/SpawnGroupData; inside of net/minecraft/world/entity/animal/equine/ZombieHorse.finalizeSpawn
[07May2026 17:11:08.746] [pool-5-thread-1/DEBUG] [net.minecraftforge.forge.transformers.MethodRedirector/]: Redirecting method call finalizeSpawn(Lnet/minecraft/world/level/ServerLevelAccessor;Lnet/minecraft/world/DifficultyInstance;Lnet/minecraft/world/entity/EntitySpawnReason;Lnet/minecraft/world/entity/SpawnGroupData;)Lnet/minecraft/world/entity/SpawnGroupData; to onFinalizeSpawn(Lnet/minecraft/world/entity/Mob;Lnet/minecraft/world/level/ServerLevelAccessor;Lnet/minecraft/world/DifficultyInstance;Lnet/minecraft/world/entity/EntitySpawnReason;Lnet/minecraft/world/entity/SpawnGroupData;)Lnet/minecraft/world/entity/SpawnGroupData; inside of net/minecraft/world/level/levelgen/structure/structures/OceanRuinPieces$OceanRuinPiece.handleDataMarker
[07May2026 17:11:08.750] [pool-5-thread-1/DEBUG] [net.minecraftforge.forge.transformers.MethodRedirector/]: Redirecting method call finalizeSpawn(Lnet/minecraft/world/level/ServerLevelAccessor;Lnet/minecraft/world/DifficultyInstance;Lnet/minecraft/world/entity/EntitySpawnReason;Lnet/minecraft/world/entity/SpawnGroupData;)Lnet/minecraft/world/entity/SpawnGroupData; to onFinalizeSpawn(Lnet/minecraft/world/entity/Mob;Lnet/minecraft/world/level/ServerLevelAccessor;Lnet/minecraft/world/DifficultyInstance;Lnet/minecraft/world/entity/EntitySpawnReason;Lnet/minecraft/world/entity/SpawnGroupData;)Lnet/minecraft/world/entity/SpawnGroupData; inside of net/minecraft/world/level/levelgen/structure/structures/SwampHutPiece.postProcess
[07May2026 17:11:08.750] [pool-5-thread-1/DEBUG] [net.minecraftforge.forge.transformers.MethodRedirector/]: Redirecting method call finalizeSpawn(Lnet/minecraft/world/level/ServerLevelAccessor;Lnet/minecraft/world/DifficultyInstance;Lnet/minecraft/world/entity/EntitySpawnReason;Lnet/minecraft/world/entity/SpawnGroupData;)Lnet/minecraft/world/entity/SpawnGroupData; to onFinalizeSpawn(Lnet/minecraft/world/entity/Mob;Lnet/minecraft/world/level/ServerLevelAccessor;Lnet/minecraft/world/DifficultyInstance;Lnet/minecraft/world/entity/EntitySpawnReason;Lnet/minecraft/world/entity/SpawnGroupData;)Lnet/minecraft/world/entity/SpawnGroupData; inside of net/minecraft/world/level/levelgen/structure/structures/SwampHutPiece.spawnCat
[07May2026 17:11:08.752] [pool-5-thread-1/DEBUG] [net.minecraftforge.forge.transformers.MethodRedirector/]: Redirecting method call finalizeSpawn(Lnet/minecraft/world/level/ServerLevelAccessor;Lnet/minecraft/world/DifficultyInstance;Lnet/minecraft/world/entity/EntitySpawnReason;Lnet/minecraft/world/entity/SpawnGroupData;)Lnet/minecraft/world/entity/SpawnGroupData; to onFinalizeSpawn(Lnet/minecraft/world/entity/Mob;Lnet/minecraft/world/level/ServerLevelAccessor;Lnet/minecraft/world/DifficultyInstance;Lnet/minecraft/world/entity/EntitySpawnReason;Lnet/minecraft/world/entity/SpawnGroupData;)Lnet/minecraft/world/entity/SpawnGroupData; inside of net/minecraft/world/level/levelgen/structure/structures/OceanMonumentPieces$OceanMonumentPiece.spawnElder
[07May2026 17:11:08.759] [pool-5-thread-1/DEBUG] [net.minecraftforge.forge.transformers.MethodRedirector/]: Redirecting method call finalizeSpawn(Lnet/minecraft/world/level/ServerLevelAccessor;Lnet/minecraft/world/DifficultyInstance;Lnet/minecraft/world/entity/EntitySpawnReason;Lnet/minecraft/world/entity/SpawnGroupData;)Lnet/minecraft/world/entity/SpawnGroupData; to onFinalizeSpawn(Lnet/minecraft/world/entity/Mob;Lnet/minecraft/world/level/ServerLevelAccessor;Lnet/minecraft/world/DifficultyInstance;Lnet/minecraft/world/entity/EntitySpawnReason;Lnet/minecraft/world/entity/SpawnGroupData;)Lnet/minecraft/world/entity/SpawnGroupData; inside of net/minecraft/world/level/levelgen/structure/structures/WoodlandMansionPieces$WoodlandMansionPiece.handleDataMarker
[07May2026 17:11:09.041] [pool-5-thread-1/ERROR] [net.minecraftforge.forge.transformers.MethodRedirector/]: Failed to redirect method call for finalizeSpawn! Method spawn(Lnet/minecraft/world/entity/EntityType;Lnet/minecraft/world/phys/Vec3;Lnet/minecraft/world/entity/EntitySpawnReason;)Lnet/minecraft/world/entity/Entity; not found in class net/minecraft/gametest/framework/GameTestHelper! This is a Forge bug, and is likely due to a Minecraft update changing something.
[07May2026 17:11:09.091] [pool-5-thread-1/DEBUG] [net.minecraftforge.registries.GameData/REGISTRIES]: Creating vanilla freeze snapshot
[07May2026 17:11:09.093] [pool-5-thread-1/DEBUG] [net.minecraftforge.registries.ForgeRegistry/REGISTRIES]: Registry minecraft:block Sync: VANILLA -> ACTIVE
[07May2026 17:11:09.104] [pool-5-thread-1/DEBUG] [net.minecraftforge.registries.ForgeRegistry/REGISTRIES]: Registry minecraft:fluid Sync: VANILLA -> ACTIVE
[07May2026 17:11:09.104] [pool-5-thread-1/DEBUG] [net.minecraftforge.registries.ForgeRegistry/REGISTRIES]: Registry minecraft:item Sync: VANILLA -> ACTIVE
[07May2026 17:11:09.110] [pool-5-thread-1/DEBUG] [net.minecraftforge.registries.ForgeRegistry/REGISTRIES]: Registry minecraft:mob_effect Sync: VANILLA -> ACTIVE
[07May2026 17:11:09.110] [pool-5-thread-1/DEBUG] [net.minecraftforge.registries.ForgeRegistry/REGISTRIES]: Registry minecraft:sound_event Sync: VANILLA -> ACTIVE
[07May2026 17:11:09.117] [pool-5-thread-1/DEBUG] [net.minecraftforge.registries.ForgeRegistry/REGISTRIES]: Registry minecraft:potion Sync: VANILLA -> ACTIVE
[07May2026 17:11:09.117] [pool-5-thread-1/DEBUG] [net.minecraftforge.registries.ForgeRegistry/REGISTRIES]: Registry minecraft:entity_type Sync: VANILLA -> ACTIVE
[07May2026 17:11:09.118] [pool-5-thread-1/DEBUG] [net.minecraftforge.registries.ForgeRegistry/REGISTRIES]: Registry minecraft:block_entity_type Sync: VANILLA -> ACTIVE
[07May2026 17:11:09.118] [pool-5-thread-1/DEBUG] [net.minecraftforge.registries.ForgeRegistry/REGISTRIES]: Registry minecraft:particle_type Sync: VANILLA -> ACTIVE
[07May2026 17:11:09.118] [pool-5-thread-1/DEBUG] [net.minecraftforge.registries.ForgeRegistry/REGISTRIES]: Registry minecraft:menu Sync: VANILLA -> ACTIVE
[07May2026 17:11:09.119] [pool-5-thread-1/DEBUG] [net.minecraftforge.registries.ForgeRegistry/REGISTRIES]: Registry minecraft:painting_variant Sync: VANILLA -> ACTIVE
[07May2026 17:11:09.119] [pool-5-thread-1/DEBUG] [net.minecraftforge.registries.ForgeRegistry/REGISTRIES]: Registry minecraft:recipe_type Sync: VANILLA -> ACTIVE
[07May2026 17:11:09.119] [pool-5-thread-1/DEBUG] [net.minecraftforge.registries.ForgeRegistry/REGISTRIES]: Registry minecraft:recipe_serializer Sync: VANILLA -> ACTIVE
[07May2026 17:11:09.119] [pool-5-thread-1/DEBUG] [net.minecraftforge.registries.ForgeRegistry/REGISTRIES]: Registry minecraft:attribute Sync: VANILLA -> ACTIVE
[07May2026 17:11:09.119] [pool-5-thread-1/DEBUG] [net.minecraftforge.registries.ForgeRegistry/REGISTRIES]: Registry minecraft:stat_type Sync: VANILLA -> ACTIVE
[07May2026 17:11:09.119] [pool-5-thread-1/DEBUG] [net.minecraftforge.registries.ForgeRegistry/REGISTRIES]: Registry minecraft:command_argument_type Sync: VANILLA -> ACTIVE
[07May2026 17:11:09.119] [pool-5-thread-1/DEBUG] [net.minecraftforge.registries.ForgeRegistry/REGISTRIES]: Registry minecraft:data_component_type Sync: VANILLA -> ACTIVE
[07May2026 17:11:09.119] [pool-5-thread-1/DEBUG] [net.minecraftforge.registries.ForgeRegistry/REGISTRIES]: Registry minecraft:villager_profession Sync: VANILLA -> ACTIVE
[07May2026 17:11:09.120] [pool-5-thread-1/DEBUG] [net.minecraftforge.registries.ForgeRegistry/REGISTRIES]: Registry minecraft:point_of_interest_type Sync: VANILLA -> ACTIVE
[07May2026 17:11:09.121] [pool-5-thread-1/DEBUG] [net.minecraftforge.registries.ForgeRegistry/REGISTRIES]: Registry minecraft:memory_module_type Sync: VANILLA -> ACTIVE
[07May2026 17:11:09.123] [pool-5-thread-1/DEBUG] [net.minecraftforge.registries.ForgeRegistry/REGISTRIES]: Registry minecraft:sensor_type Sync: VANILLA -> ACTIVE
[07May2026 17:11:09.123] [pool-5-thread-1/DEBUG] [net.minecraftforge.registries.ForgeRegistry/REGISTRIES]: Registry minecraft:activity Sync: VANILLA -> ACTIVE
[07May2026 17:11:09.123] [pool-5-thread-1/DEBUG] [net.minecraftforge.registries.ForgeRegistry/REGISTRIES]: Registry minecraft:worldgen/carver Sync: VANILLA -> ACTIVE
[07May2026 17:11:09.123] [pool-5-thread-1/DEBUG] [net.minecraftforge.registries.ForgeRegistry/REGISTRIES]: Registry minecraft:worldgen/feature Sync: VANILLA -> ACTIVE
[07May2026 17:11:09.124] [pool-5-thread-1/DEBUG] [net.minecraftforge.registries.ForgeRegistry/REGISTRIES]: Registry minecraft:chunk_status Sync: VANILLA -> ACTIVE
[07May2026 17:11:09.124] [pool-5-thread-1/DEBUG] [net.minecraftforge.registries.ForgeRegistry/REGISTRIES]: Registry minecraft:worldgen/block_state_provider_type Sync: VANILLA -> ACTIVE
[07May2026 17:11:09.124] [pool-5-thread-1/DEBUG] [net.minecraftforge.registries.ForgeRegistry/REGISTRIES]: Registry minecraft:worldgen/foliage_placer_type Sync: VANILLA -> ACTIVE
[07May2026 17:11:09.124] [pool-5-thread-1/DEBUG] [net.minecraftforge.registries.ForgeRegistry/REGISTRIES]: Registry minecraft:worldgen/tree_decorator_type Sync: VANILLA -> ACTIVE
[07May2026 17:11:09.124] [pool-5-thread-1/DEBUG] [net.minecraftforge.registries.ForgeRegistry/REGISTRIES]: Registry minecraft:worldgen/biome Sync: VANILLA -> ACTIVE
[07May2026 17:11:09.129] [pool-5-thread-1/DEBUG] [net.minecraftforge.registries.GameData/REGISTRIES]: Vanilla registry order:
[07May2026 17:11:09.130] [pool-5-thread-1/INFO] [net.minecraftforge.registries.GameData/REGISTRIES]: 	minecraft:root
[07May2026 17:11:09.130] [pool-5-thread-1/INFO] [net.minecraftforge.registries.GameData/REGISTRIES]: 	minecraft:sound_event
[07May2026 17:11:09.130] [pool-5-thread-1/INFO] [net.minecraftforge.registries.GameData/REGISTRIES]: 	minecraft:fluid
[07May2026 17:11:09.130] [pool-5-thread-1/INFO] [net.minecraftforge.registries.GameData/REGISTRIES]: 	minecraft:particle_type
[07May2026 17:11:09.131] [pool-5-thread-1/INFO] [net.minecraftforge.registries.GameData/REGISTRIES]: 	minecraft:attribute
[07May2026 17:11:09.131] [pool-5-thread-1/INFO] [net.minecraftforge.registries.GameData/REGISTRIES]: 	minecraft:mob_effect
[07May2026 17:11:09.131] [pool-5-thread-1/INFO] [net.minecraftforge.registries.GameData/REGISTRIES]: 	minecraft:block
[07May2026 17:11:09.131] [pool-5-thread-1/INFO] [net.minecraftforge.registries.GameData/REGISTRIES]: 	minecraft:enchantment_effect_component_type
[07May2026 17:11:09.131] [pool-5-thread-1/INFO] [net.minecraftforge.registries.GameData/REGISTRIES]: 	minecraft:entity_type
[07May2026 17:11:09.131] [pool-5-thread-1/INFO] [net.minecraftforge.registries.GameData/REGISTRIES]: 	minecraft:loot_score_provider_type
[07May2026 17:11:09.131] [pool-5-thread-1/INFO] [net.minecraftforge.registries.GameData/REGISTRIES]: 	minecraft:loot_number_provider_type
[07May2026 17:11:09.131] [pool-5-thread-1/INFO] [net.minecraftforge.registries.GameData/REGISTRIES]: 	minecraft:map_decoration_type
[07May2026 17:11:09.131] [pool-5-thread-1/INFO] [net.minecraftforge.registries.GameData/REGISTRIES]: 	minecraft:loot_pool_entry_type
[07May2026 17:11:09.131] [pool-5-thread-1/INFO] [net.minecraftforge.registries.GameData/REGISTRIES]: 	minecraft:loot_nbt_provider_type
[07May2026 17:11:09.131] [pool-5-thread-1/INFO] [net.minecraftforge.registries.GameData/REGISTRIES]: 	minecraft:loot_function_type
[07May2026 17:11:09.131] [pool-5-thread-1/INFO] [net.minecraftforge.registries.GameData/REGISTRIES]: 	minecraft:data_component_type
[07May2026 17:11:09.131] [pool-5-thread-1/INFO] [net.minecraftforge.registries.GameData/REGISTRIES]: 	minecraft:item
[07May2026 17:11:09.131] [pool-5-thread-1/INFO] [net.minecraftforge.registries.GameData/REGISTRIES]: 	minecraft:game_event
[07May2026 17:11:09.131] [pool-5-thread-1/INFO] [net.minecraftforge.registries.GameData/REGISTRIES]: 	minecraft:debug_subscription
[07May2026 17:11:09.131] [pool-5-thread-1/INFO] [net.minecraftforge.registries.GameData/REGISTRIES]: 	minecraft:potion
[07May2026 17:11:09.131] [pool-5-thread-1/INFO] [net.minecraftforge.registries.GameData/REGISTRIES]: 	minecraft:block_entity_type
[07May2026 17:11:09.131] [pool-5-thread-1/INFO] [net.minecraftforge.registries.GameData/REGISTRIES]: 	minecraft:stat_type
[07May2026 17:11:09.131] [pool-5-thread-1/INFO] [net.minecraftforge.registries.GameData/REGISTRIES]: 	minecraft:custom_stat
[07May2026 17:11:09.131] [pool-5-thread-1/INFO] [net.minecraftforge.registries.GameData/REGISTRIES]: 	minecraft:chunk_status
[07May2026 17:11:09.131] [pool-5-thread-1/INFO] [net.minecraftforge.registries.GameData/REGISTRIES]: 	minecraft:rule_test
[07May2026 17:11:09.131] [pool-5-thread-1/INFO] [net.minecraftforge.registries.GameData/REGISTRIES]: 	minecraft:rule_block_entity_modifier
[07May2026 17:11:09.131] [pool-5-thread-1/INFO] [net.minecraftforge.registries.GameData/REGISTRIES]: 	minecraft:pos_rule_test
[07May2026 17:11:09.132] [pool-5-thread-1/INFO] [net.minecraftforge.registries.GameData/REGISTRIES]: 	minecraft:menu
[07May2026 17:11:09.132] [pool-5-thread-1/INFO] [net.minecraftforge.registries.GameData/REGISTRIES]: 	minecraft:recipe_type
[07May2026 17:11:09.132] [pool-5-thread-1/INFO] [net.minecraftforge.registries.GameData/REGISTRIES]: 	minecraft:recipe_serializer
[07May2026 17:11:09.132] [pool-5-thread-1/INFO] [net.minecraftforge.registries.GameData/REGISTRIES]: 	minecraft:position_source_type
[07May2026 17:11:09.132] [pool-5-thread-1/INFO] [net.minecraftforge.registries.GameData/REGISTRIES]: 	minecraft:command_argument_type
[07May2026 17:11:09.132] [pool-5-thread-1/INFO] [net.minecraftforge.registries.GameData/REGISTRIES]: 	minecraft:villager_type
[07May2026 17:11:09.132] [pool-5-thread-1/INFO] [net.minecraftforge.registries.GameData/REGISTRIES]: 	minecraft:villager_profession
[07May2026 17:11:09.132] [pool-5-thread-1/INFO] [net.minecraftforge.registries.GameData/REGISTRIES]: 	minecraft:point_of_interest_type
[07May2026 17:11:09.132] [pool-5-thread-1/INFO] [net.minecraftforge.registries.GameData/REGISTRIES]: 	minecraft:memory_module_type
[07May2026 17:11:09.132] [pool-5-thread-1/INFO] [net.minecraftforge.registries.GameData/REGISTRIES]: 	minecraft:sensor_type
[07May2026 17:11:09.132] [pool-5-thread-1/INFO] [net.minecraftforge.registries.GameData/REGISTRIES]: 	minecraft:activity
[07May2026 17:11:09.132] [pool-5-thread-1/INFO] [net.minecraftforge.registries.GameData/REGISTRIES]: 	minecraft:loot_condition_type
[07May2026 17:11:09.132] [pool-5-thread-1/INFO] [net.minecraftforge.registries.GameData/REGISTRIES]: 	minecraft:float_provider_type
[07May2026 17:11:09.132] [pool-5-thread-1/INFO] [net.minecraftforge.registries.GameData/REGISTRIES]: 	minecraft:int_provider_type
[07May2026 17:11:09.132] [pool-5-thread-1/INFO] [net.minecraftforge.registries.GameData/REGISTRIES]: 	minecraft:height_provider_type
[07May2026 17:11:09.132] [pool-5-thread-1/INFO] [net.minecraftforge.registries.GameData/REGISTRIES]: 	minecraft:block_predicate_type
[07May2026 17:11:09.132] [pool-5-thread-1/INFO] [net.minecraftforge.registries.GameData/REGISTRIES]: 	minecraft:worldgen/carver
[07May2026 17:11:09.132] [pool-5-thread-1/INFO] [net.minecraftforge.registries.GameData/REGISTRIES]: 	minecraft:worldgen/structure_processor
[07May2026 17:11:09.132] [pool-5-thread-1/INFO] [net.minecraftforge.registries.GameData/REGISTRIES]: 	minecraft:worldgen/feature
[07May2026 17:11:09.132] [pool-5-thread-1/INFO] [net.minecraftforge.registries.GameData/REGISTRIES]: 	minecraft:worldgen/structure_placement
[07May2026 17:11:09.133] [pool-5-thread-1/INFO] [net.minecraftforge.registries.GameData/REGISTRIES]: 	minecraft:worldgen/structure_piece
[07May2026 17:11:09.133] [pool-5-thread-1/INFO] [net.minecraftforge.registries.GameData/REGISTRIES]: 	minecraft:worldgen/structure_type
[07May2026 17:11:09.133] [pool-5-thread-1/INFO] [net.minecraftforge.registries.GameData/REGISTRIES]: 	minecraft:worldgen/placement_modifier_type
[07May2026 17:11:09.133] [pool-5-thread-1/INFO] [net.minecraftforge.registries.GameData/REGISTRIES]: 	minecraft:worldgen/block_state_provider_type
[07May2026 17:11:09.133] [pool-5-thread-1/INFO] [net.minecraftforge.registries.GameData/REGISTRIES]: 	minecraft:worldgen/foliage_placer_type
[07May2026 17:11:09.133] [pool-5-thread-1/INFO] [net.minecraftforge.registries.GameData/REGISTRIES]: 	minecraft:worldgen/trunk_placer_type
[07May2026 17:11:09.133] [pool-5-thread-1/INFO] [net.minecraftforge.registries.GameData/REGISTRIES]: 	minecraft:worldgen/root_placer_type
[07May2026 17:11:09.133] [pool-5-thread-1/INFO] [net.minecraftforge.registries.GameData/REGISTRIES]: 	minecraft:worldgen/tree_decorator_type
[07May2026 17:11:09.133] [pool-5-thread-1/INFO] [net.minecraftforge.registries.GameData/REGISTRIES]: 	minecraft:worldgen/feature_size_type
[07May2026 17:11:09.133] [pool-5-thread-1/INFO] [net.minecraftforge.registries.GameData/REGISTRIES]: 	minecraft:worldgen/biome_source
[07May2026 17:11:09.133] [pool-5-thread-1/INFO] [net.minecraftforge.registries.GameData/REGISTRIES]: 	minecraft:worldgen/chunk_generator
[07May2026 17:11:09.133] [pool-5-thread-1/INFO] [net.minecraftforge.registries.GameData/REGISTRIES]: 	minecraft:worldgen/material_condition
[07May2026 17:11:09.133] [pool-5-thread-1/INFO] [net.minecraftforge.registries.GameData/REGISTRIES]: 	minecraft:worldgen/material_rule
[07May2026 17:11:09.133] [pool-5-thread-1/INFO] [net.minecraftforge.registries.GameData/REGISTRIES]: 	minecraft:worldgen/density_function_type
[07May2026 17:11:09.133] [pool-5-thread-1/INFO] [net.minecraftforge.registries.GameData/REGISTRIES]: 	minecraft:block_type
[07May2026 17:11:09.133] [pool-5-thread-1/INFO] [net.minecraftforge.registries.GameData/REGISTRIES]: 	minecraft:worldgen/structure_pool_element
[07May2026 17:11:09.133] [pool-5-thread-1/INFO] [net.minecraftforge.registries.GameData/REGISTRIES]: 	minecraft:worldgen/pool_alias_binding
[07May2026 17:11:09.133] [pool-5-thread-1/INFO] [net.minecraftforge.registries.GameData/REGISTRIES]: 	minecraft:decorated_pot_pattern
[07May2026 17:11:09.133] [pool-5-thread-1/INFO] [net.minecraftforge.registries.GameData/REGISTRIES]: 	minecraft:creative_mode_tab
[07May2026 17:11:09.133] [pool-5-thread-1/INFO] [net.minecraftforge.registries.GameData/REGISTRIES]: 	minecraft:trigger_type
[07May2026 17:11:09.133] [pool-5-thread-1/INFO] [net.minecraftforge.registries.GameData/REGISTRIES]: 	minecraft:number_format_type
[07May2026 17:11:09.133] [pool-5-thread-1/INFO] [net.minecraftforge.registries.GameData/REGISTRIES]: 	minecraft:game_rule
[07May2026 17:11:09.133] [pool-5-thread-1/INFO] [net.minecraftforge.registries.GameData/REGISTRIES]: 	minecraft:entity_sub_predicate_type
[07May2026 17:11:09.133] [pool-5-thread-1/INFO] [net.minecraftforge.registries.GameData/REGISTRIES]: 	minecraft:data_component_predicate_type
[07May2026 17:11:09.133] [pool-5-thread-1/INFO] [net.minecraftforge.registries.GameData/REGISTRIES]: 	minecraft:enchantment_level_based_value_type
[07May2026 17:11:09.133] [pool-5-thread-1/INFO] [net.minecraftforge.registries.GameData/REGISTRIES]: 	minecraft:enchantment_entity_effect_type
[07May2026 17:11:09.133] [pool-5-thread-1/INFO] [net.minecraftforge.registries.GameData/REGISTRIES]: 	minecraft:enchantment_location_based_effect_type
[07May2026 17:11:09.134] [pool-5-thread-1/INFO] [net.minecraftforge.registries.GameData/REGISTRIES]: 	minecraft:enchantment_value_effect_type
[07May2026 17:11:09.134] [pool-5-thread-1/INFO] [net.minecraftforge.registries.GameData/REGISTRIES]: 	minecraft:enchantment_provider_type
[07May2026 17:11:09.134] [pool-5-thread-1/INFO] [net.minecraftforge.registries.GameData/REGISTRIES]: 	minecraft:consume_effect_type
[07May2026 17:11:09.134] [pool-5-thread-1/INFO] [net.minecraftforge.registries.GameData/REGISTRIES]: 	minecraft:recipe_display
[07May2026 17:11:09.134] [pool-5-thread-1/INFO] [net.minecraftforge.registries.GameData/REGISTRIES]: 	minecraft:slot_display
[07May2026 17:11:09.134] [pool-5-thread-1/INFO] [net.minecraftforge.registries.GameData/REGISTRIES]: 	minecraft:recipe_book_category
[07May2026 17:11:09.134] [pool-5-thread-1/INFO] [net.minecraftforge.registries.GameData/REGISTRIES]: 	minecraft:ticket_type
[07May2026 17:11:09.134] [pool-5-thread-1/INFO] [net.minecraftforge.registries.GameData/REGISTRIES]: 	minecraft:incoming_rpc_methods
[07May2026 17:11:09.134] [pool-5-thread-1/INFO] [net.minecraftforge.registries.GameData/REGISTRIES]: 	minecraft:outgoing_rpc_methods
[07May2026 17:11:09.134] [pool-5-thread-1/INFO] [net.minecraftforge.registries.GameData/REGISTRIES]: 	minecraft:test_environment_definition_type
[07May2026 17:11:09.134] [pool-5-thread-1/INFO] [net.minecraftforge.registries.GameData/REGISTRIES]: 	minecraft:test_instance_type
[07May2026 17:11:09.134] [pool-5-thread-1/INFO] [net.minecraftforge.registries.GameData/REGISTRIES]: 	minecraft:spawn_condition_type
[07May2026 17:11:09.134] [pool-5-thread-1/INFO] [net.minecraftforge.registries.GameData/REGISTRIES]: 	minecraft:dialog_type
[07May2026 17:11:09.134] [pool-5-thread-1/INFO] [net.minecraftforge.registries.GameData/REGISTRIES]: 	minecraft:dialog_action_type
[07May2026 17:11:09.134] [pool-5-thread-1/INFO] [net.minecraftforge.registries.GameData/REGISTRIES]: 	minecraft:input_control_type
[07May2026 17:11:09.134] [pool-5-thread-1/INFO] [net.minecraftforge.registries.GameData/REGISTRIES]: 	minecraft:dialog_body_type
[07May2026 17:11:09.134] [pool-5-thread-1/INFO] [net.minecraftforge.registries.GameData/REGISTRIES]: 	minecraft:permission_type
[07May2026 17:11:09.134] [pool-5-thread-1/INFO] [net.minecraftforge.registries.GameData/REGISTRIES]: 	minecraft:permission_check_type
[07May2026 17:11:09.134] [pool-5-thread-1/INFO] [net.minecraftforge.registries.GameData/REGISTRIES]: 	minecraft:attribute_type
[07May2026 17:11:09.134] [pool-5-thread-1/INFO] [net.minecraftforge.registries.GameData/REGISTRIES]: 	minecraft:environment_attribute
[07May2026 17:11:09.134] [pool-5-thread-1/INFO] [net.minecraftforge.registries.GameData/REGISTRIES]: 	minecraft:slot_source_type
[07May2026 17:11:09.134] [pool-5-thread-1/INFO] [net.minecraftforge.registries.GameData/REGISTRIES]: 	minecraft:test_function
[07May2026 17:11:09.134] [pool-5-thread-1/DEBUG] [net.minecraftforge.registries.GameData/REGISTRIES]: Vanilla freeze snapshot created
[07May2026 17:11:09.357] [Render thread/WARN] [net.minecraft.server.packs.VanillaPackResourcesBuilder/]: Assets URL 'union:/C:/Users/jakeb/.gradle/caches/forge_gradle/minecraft_user_repo/net/minecraftforge/forge/1.21.11-61.1.5_mapped_parchment_2025.10.12-1.21.10/forge-1.21.11-61.1.5_mapped_parchment_2025.10.12-1.21.10-recomp.jar%230!/assets/.mcassetsroot' uses unexpected schema
[07May2026 17:11:09.358] [Render thread/WARN] [net.minecraft.server.packs.VanillaPackResourcesBuilder/]: Assets URL 'union:/C:/Users/jakeb/.gradle/caches/forge_gradle/minecraft_user_repo/net/minecraftforge/forge/1.21.11-61.1.5_mapped_parchment_2025.10.12-1.21.10/forge-1.21.11-61.1.5_mapped_parchment_2025.10.12-1.21.10-recomp.jar%230!/data/.mcassetsroot' uses unexpected schema
[07May2026 17:11:09.377] [Render thread/INFO] [com.mojang.authlib.yggdrasil.YggdrasilAuthenticationService/]: Environment: Environment[sessionHost=https://sessionserver.mojang.com, servicesHost=https://api.minecraftservices.com, profilesHost=https://api.mojang.com, name=PROD]
[07May2026 17:11:09.395] [Render thread/INFO] [net.minecraft.client.Minecraft/]: Setting user: Dev
[07May2026 17:11:09.535] [Render thread/INFO] [net.minecraft.client.Minecraft/]: Backend library: LWJGL version 3.3.3+5
[07May2026 17:11:09.693] [Render thread/INFO] [net.minecraft.client.Minecraft/]: Using optional rendering extensions: GL_ARB_buffer_storage, GL_KHR_debug, GL_ARB_vertex_attrib_binding, GL_ARB_direct_state_access, GL_EXT_texture_filter_anisotropic
[07May2026 17:11:09.709] [Render thread/DEBUG] [net.minecraftforge.common.ForgeI18n/CORE]: Loading I18N data entries: 7980
[07May2026 17:11:09.727] [Render thread/DEBUG] [net.minecraftforge.fml.ModWorkManager/LOADING]: Using 16 threads for parallel mod-loading
[07May2026 17:11:09.732] [Render thread/DEBUG] [net.minecraftforge.fml.javafmlmod.FMLJavaModLanguageProvider/LOADING]: Loading FMLModContainer from classloader TransformingClassLoader[TRANSFORMER]@1681993012 - got SecureModuleClassLoader[LAYER PLUGIN]@231351829
[07May2026 17:11:09.734] [Render thread/DEBUG] [net.minecraftforge.fml.javafmlmod.FMLModContainer/LOADING]: Creating FMLModContainer instance for xyz.quazaros.compacttools.CompactTools
[07May2026 17:11:09.735] [Render thread/DEBUG] [net.minecraftforge.fml.javafmlmod.FMLModContainer/LOADING]: Loaded modclass compacttools73/xyz.quazaros.compacttools.CompactTools with TransformingClassLoader[TRANSFORMER]@1681993012
[07May2026 17:11:09.735] [Render thread/DEBUG] [net.minecraftforge.fml.javafmlmod.FMLJavaModLanguageProvider/LOADING]: Loading FMLModContainer from classloader TransformingClassLoader[TRANSFORMER]@1681993012 - got SecureModuleClassLoader[LAYER PLUGIN]@231351829
[07May2026 17:11:09.735] [Render thread/DEBUG] [net.minecraftforge.fml.javafmlmod.FMLModContainer/LOADING]: Creating FMLModContainer instance for net.minecraftforge.common.ForgeMod
[07May2026 17:11:09.736] [Render thread/DEBUG] [net.minecraftforge.fml.javafmlmod.FMLModContainer/LOADING]: Loaded modclass net.minecraftforge.forge/net.minecraftforge.common.ForgeMod with TransformingClassLoader[TRANSFORMER]@1681993012
[07May2026 17:11:09.748] [modloading-worker-0/DEBUG] [net.minecraftforge.fml.javafmlmod.AutomaticEventSubscriber/LOADING]: Attempting to inject @EventBusSubscriber classes into the eventbus for compacttools73
[07May2026 17:11:09.749] [modloading-worker-0/DEBUG] [net.minecraftforge.versions.forge.ForgeVersion/CORE]: Forge Version package package net.minecraftforge.versions.forge, Forge, version 61.1 from TransformingClassLoader[TRANSFORMER]@1681993012
[07May2026 17:11:09.750] [modloading-worker-0/DEBUG] [net.minecraftforge.versions.forge.ForgeVersion/CORE]: Found Forge version 61.1.5
[07May2026 17:11:09.750] [modloading-worker-0/DEBUG] [net.minecraftforge.versions.forge.ForgeVersion/CORE]: Found Forge spec 61.1
[07May2026 17:11:09.750] [modloading-worker-0/DEBUG] [net.minecraftforge.versions.forge.ForgeVersion/CORE]: Found Forge group net.minecraftforge
[07May2026 17:11:09.750] [modloading-worker-0/DEBUG] [net.minecraftforge.versions.mcp.MCPVersion/CORE]: MCP Version package package net.minecraftforge.versions.mcp, Minecraft, version 1.21.11 from TransformingClassLoader[TRANSFORMER]@1681993012
[07May2026 17:11:09.750] [modloading-worker-0/DEBUG] [net.minecraftforge.versions.mcp.MCPVersion/CORE]: Found MC version information 1.21.11
[07May2026 17:11:09.750] [modloading-worker-0/DEBUG] [net.minecraftforge.versions.mcp.MCPVersion/CORE]: Found MCP version information 20251223.124241
[07May2026 17:11:09.750] [modloading-worker-0/INFO] [net.minecraftforge.common.ForgeMod/FORGEMOD]: Forge mod loading, version 61.1.5, for MC 1.21.11 with MCP 20251223.124241
[07May2026 17:11:09.751] [modloading-worker-0/INFO] [net.minecraftforge.common.MinecraftForge/FORGE]: MinecraftForge v61.1.5 Initialized
[07May2026 17:11:09.757] [modloading-worker-0/INFO] [net.minecraftforge.common.ForgeMod/FORGEMOD]: Opening jdk.naming.dns/com.sun.jndi.dns to java.naming
[07May2026 17:11:09.785] [modloading-worker-0/DEBUG] [net.minecraftforge.network.NetworkInitialization/FORGE_NETWORK]: Registering Network forge:login v0
[07May2026 17:11:09.785] [modloading-worker-0/DEBUG] [net.minecraftforge.network.NetworkInitialization/FORGE_NETWORK]: Registering Network forge:handshake v0
[07May2026 17:11:09.785] [modloading-worker-0/DEBUG] [net.minecraftforge.network.NetworkInitialization/FORGE_NETWORK]: Registering Network forge:handshake v0
[07May2026 17:11:09.786] [modloading-worker-0/DEBUG] [net.minecraftforge.network.NetworkInitialization/FORGE_NETWORK]: Registering Network forge:channel_registration v0
[07May2026 17:11:09.801] [modloading-worker-0/DEBUG] [net.minecraftforge.fml.config.ConfigTracker/CONFIG]: Config file forge-client.toml for forge tracking
[07May2026 17:11:09.802] [modloading-worker-0/DEBUG] [net.minecraftforge.fml.config.ConfigTracker/CONFIG]: Config file forge-server.toml for forge tracking
[07May2026 17:11:09.802] [modloading-worker-0/DEBUG] [net.minecraftforge.fml.config.ConfigTracker/CONFIG]: Config file forge-common.toml for forge tracking
[07May2026 17:11:09.838] [modloading-worker-0/DEBUG] [net.minecraftforge.fml.javafmlmod.AutomaticEventSubscriber/LOADING]: Attempting to inject @EventBusSubscriber classes into the eventbus for forge
[07May2026 17:11:09.839] [modloading-worker-0/DEBUG] [net.minecraftforge.fml.javafmlmod.AutomaticEventSubscriber/LOADING]: Auto-subscribing net.minecraftforge.client.model.data.ModelDataManager to FORGE
[07May2026 17:11:09.840] [modloading-worker-0/DEBUG] [net.minecraftforge.fml.javafmlmod.AutomaticEventSubscriber/LOADING]: Auto-subscribing net.minecraftforge.client.ClientForgeMod to BOTH
[07May2026 17:11:09.849] [Render thread/DEBUG] [net.minecraftforge.common.capabilities.CapabilityManager/CAPABILITIES]: Attempting to automatically register: Lnet/minecraftforge/energy/IEnergyStorage;
[07May2026 17:11:09.850] [Render thread/DEBUG] [net.minecraftforge.common.capabilities.CapabilityManager/CAPABILITIES]: Attempting to automatically register: Lnet/minecraftforge/fluids/capability/IFluidHandler;
[07May2026 17:11:09.850] [Render thread/DEBUG] [net.minecraftforge.common.capabilities.CapabilityManager/CAPABILITIES]: Attempting to automatically register: Lnet/minecraftforge/fluids/capability/IFluidHandlerItem;
[07May2026 17:11:09.850] [Render thread/DEBUG] [net.minecraftforge.common.capabilities.CapabilityManager/CAPABILITIES]: Attempting to automatically register: Lnet/minecraftforge/items/IItemHandler;
[07May2026 17:11:09.850] [Render thread/DEBUG] [net.minecraftforge.registries.GameData/REGISTRIES]: Unfreezing vanilla registries
[07May2026 17:11:09.853] [Render thread/DEBUG] [net.minecraftforge.registries.GameData/REGISTRIES]: Applying holder lookups: minecraft:sound_event
[07May2026 17:11:09.854] [Render thread/DEBUG] [net.minecraftforge.registries.GameData/REGISTRIES]: Holder lookups applied: minecraft:sound_event
[07May2026 17:11:09.854] [Render thread/DEBUG] [net.minecraftforge.registries.GameData/REGISTRIES]: Applying holder lookups: minecraft:fluid
[07May2026 17:11:09.854] [Render thread/DEBUG] [net.minecraftforge.registries.GameData/REGISTRIES]: Holder lookups applied: minecraft:fluid
[07May2026 17:11:09.854] [Render thread/DEBUG] [net.minecraftforge.registries.GameData/REGISTRIES]: Applying holder lookups: minecraft:particle_type
[07May2026 17:11:09.854] [Render thread/DEBUG] [net.minecraftforge.registries.GameData/REGISTRIES]: Holder lookups applied: minecraft:particle_type
[07May2026 17:11:09.854] [Render thread/DEBUG] [net.minecraftforge.registries.GameData/REGISTRIES]: Applying holder lookups: minecraft:attribute
[07May2026 17:11:09.854] [Render thread/DEBUG] [net.minecraftforge.registries.GameData/REGISTRIES]: Holder lookups applied: minecraft:attribute
[07May2026 17:11:09.854] [Render thread/DEBUG] [net.minecraftforge.registries.GameData/REGISTRIES]: Applying holder lookups: minecraft:mob_effect
[07May2026 17:11:09.855] [Render thread/DEBUG] [net.minecraftforge.registries.GameData/REGISTRIES]: Holder lookups applied: minecraft:mob_effect
[07May2026 17:11:09.855] [Render thread/DEBUG] [net.minecraftforge.registries.GameData/REGISTRIES]: Applying holder lookups: minecraft:block
[07May2026 17:11:09.855] [Render thread/DEBUG] [net.minecraftforge.registries.GameData/REGISTRIES]: Holder lookups applied: minecraft:block
[07May2026 17:11:09.855] [Render thread/DEBUG] [net.minecraftforge.registries.GameData/REGISTRIES]: Applying holder lookups: minecraft:enchantment_effect_component_type
[07May2026 17:11:09.855] [Render thread/DEBUG] [net.minecraftforge.registries.GameData/REGISTRIES]: Holder lookups applied: minecraft:enchantment_effect_component_type
[07May2026 17:11:09.855] [Render thread/DEBUG] [net.minecraftforge.registries.GameData/REGISTRIES]: Applying holder lookups: minecraft:entity_type
[07May2026 17:11:09.855] [Render thread/DEBUG] [net.minecraftforge.registries.GameData/REGISTRIES]: Holder lookups applied: minecraft:entity_type
[07May2026 17:11:09.855] [Render thread/DEBUG] [net.minecraftforge.registries.GameData/REGISTRIES]: Applying holder lookups: minecraft:loot_score_provider_type
[07May2026 17:11:09.855] [Render thread/DEBUG] [net.minecraftforge.registries.GameData/REGISTRIES]: Holder lookups applied: minecraft:loot_score_provider_type
[07May2026 17:11:09.855] [Render thread/DEBUG] [net.minecraftforge.registries.GameData/REGISTRIES]: Applying holder lookups: minecraft:loot_number_provider_type
[07May2026 17:11:09.855] [Render thread/DEBUG] [net.minecraftforge.registries.GameData/REGISTRIES]: Holder lookups applied: minecraft:loot_number_provider_type
[07May2026 17:11:09.855] [Render thread/DEBUG] [net.minecraftforge.registries.GameData/REGISTRIES]: Applying holder lookups: minecraft:map_decoration_type
[07May2026 17:11:09.855] [Render thread/DEBUG] [net.minecraftforge.registries.GameData/REGISTRIES]: Holder lookups applied: minecraft:map_decoration_type
[07May2026 17:11:09.856] [Render thread/DEBUG] [net.minecraftforge.registries.GameData/REGISTRIES]: Applying holder lookups: minecraft:loot_pool_entry_type
[07May2026 17:11:09.856] [Render thread/DEBUG] [net.minecraftforge.registries.GameData/REGISTRIES]: Holder lookups applied: minecraft:loot_pool_entry_type
[07May2026 17:11:09.856] [Render thread/DEBUG] [net.minecraftforge.registries.GameData/REGISTRIES]: Applying holder lookups: minecraft:loot_nbt_provider_type
[07May2026 17:11:09.856] [Render thread/DEBUG] [net.minecraftforge.registries.GameData/REGISTRIES]: Holder lookups applied: minecraft:loot_nbt_provider_type
[07May2026 17:11:09.856] [Render thread/DEBUG] [net.minecraftforge.registries.GameData/REGISTRIES]: Applying holder lookups: minecraft:loot_function_type
[07May2026 17:11:09.856] [Render thread/DEBUG] [net.minecraftforge.registries.GameData/REGISTRIES]: Holder lookups applied: minecraft:loot_function_type
[07May2026 17:11:09.856] [Render thread/DEBUG] [net.minecraftforge.registries.GameData/REGISTRIES]: Applying holder lookups: minecraft:data_component_type
[07May2026 17:11:09.856] [Render thread/DEBUG] [net.minecraftforge.registries.GameData/REGISTRIES]: Holder lookups applied: minecraft:data_component_type
[07May2026 17:11:09.858] [Render thread/DEBUG] [net.minecraftforge.registries.GameData/REGISTRIES]: Applying holder lookups: minecraft:item
[07May2026 17:11:09.858] [Render thread/DEBUG] [net.minecraftforge.registries.GameData/REGISTRIES]: Holder lookups applied: minecraft:item
[07May2026 17:11:09.858] [Render thread/DEBUG] [net.minecraftforge.registries.GameData/REGISTRIES]: Applying holder lookups: minecraft:game_event
[07May2026 17:11:09.858] [Render thread/DEBUG] [net.minecraftforge.registries.GameData/REGISTRIES]: Holder lookups applied: minecraft:game_event
[07May2026 17:11:09.858] [Render thread/DEBUG] [net.minecraftforge.registries.GameData/REGISTRIES]: Applying holder lookups: minecraft:debug_subscription
[07May2026 17:11:09.858] [Render thread/DEBUG] [net.minecraftforge.registries.GameData/REGISTRIES]: Holder lookups applied: minecraft:debug_subscription
[07May2026 17:11:09.858] [Render thread/DEBUG] [net.minecraftforge.registries.GameData/REGISTRIES]: Applying holder lookups: minecraft:potion
[07May2026 17:11:09.858] [Render thread/DEBUG] [net.minecraftforge.registries.GameData/REGISTRIES]: Holder lookups applied: minecraft:potion
[07May2026 17:11:09.858] [Render thread/DEBUG] [net.minecraftforge.registries.GameData/REGISTRIES]: Applying holder lookups: minecraft:block_entity_type
[07May2026 17:11:09.858] [Render thread/DEBUG] [net.minecraftforge.registries.GameData/REGISTRIES]: Holder lookups applied: minecraft:block_entity_type
[07May2026 17:11:09.858] [Render thread/DEBUG] [net.minecraftforge.registries.GameData/REGISTRIES]: Applying holder lookups: minecraft:stat_type
[07May2026 17:11:09.858] [Render thread/DEBUG] [net.minecraftforge.registries.GameData/REGISTRIES]: Holder lookups applied: minecraft:stat_type
[07May2026 17:11:09.858] [Render thread/DEBUG] [net.minecraftforge.registries.GameData/REGISTRIES]: Applying holder lookups: minecraft:custom_stat
[07May2026 17:11:09.858] [Render thread/DEBUG] [net.minecraftforge.registries.GameData/REGISTRIES]: Holder lookups applied: minecraft:custom_stat
[07May2026 17:11:09.858] [Render thread/DEBUG] [net.minecraftforge.registries.GameData/REGISTRIES]: Applying holder lookups: minecraft:chunk_status
[07May2026 17:11:09.859] [Render thread/DEBUG] [net.minecraftforge.registries.GameData/REGISTRIES]: Holder lookups applied: minecraft:chunk_status
[07May2026 17:11:09.859] [Render thread/DEBUG] [net.minecraftforge.registries.GameData/REGISTRIES]: Applying holder lookups: minecraft:rule_test
[07May2026 17:11:09.859] [Render thread/DEBUG] [net.minecraftforge.registries.GameData/REGISTRIES]: Holder lookups applied: minecraft:rule_test
[07May2026 17:11:09.859] [Render thread/DEBUG] [net.minecraftforge.registries.GameData/REGISTRIES]: Applying holder lookups: minecraft:rule_block_entity_modifier
[07May2026 17:11:09.859] [Render thread/DEBUG] [net.minecraftforge.registries.GameData/REGISTRIES]: Holder lookups applied: minecraft:rule_block_entity_modifier
[07May2026 17:11:09.859] [Render thread/DEBUG] [net.minecraftforge.registries.GameData/REGISTRIES]: Applying holder lookups: minecraft:pos_rule_test
[07May2026 17:11:09.859] [Render thread/DEBUG] [net.minecraftforge.registries.GameData/REGISTRIES]: Holder lookups applied: minecraft:pos_rule_test
[07May2026 17:11:09.859] [Render thread/DEBUG] [net.minecraftforge.registries.GameData/REGISTRIES]: Applying holder lookups: minecraft:menu
[07May2026 17:11:09.859] [Render thread/DEBUG] [net.minecraftforge.registries.GameData/REGISTRIES]: Holder lookups applied: minecraft:menu
[07May2026 17:11:09.859] [Render thread/DEBUG] [net.minecraftforge.registries.GameData/REGISTRIES]: Applying holder lookups: minecraft:recipe_type
[07May2026 17:11:09.859] [Render thread/DEBUG] [net.minecraftforge.registries.GameData/REGISTRIES]: Holder lookups applied: minecraft:recipe_type
[07May2026 17:11:09.861] [Render thread/DEBUG] [net.minecraftforge.registries.GameData/REGISTRIES]: Applying holder lookups: minecraft:recipe_serializer
[07May2026 17:11:09.861] [Render thread/DEBUG] [net.minecraftforge.registries.GameData/REGISTRIES]: Holder lookups applied: minecraft:recipe_serializer
[07May2026 17:11:09.861] [Render thread/DEBUG] [net.minecraftforge.registries.GameData/REGISTRIES]: Applying holder lookups: minecraft:position_source_type
[07May2026 17:11:09.861] [Render thread/DEBUG] [net.minecraftforge.registries.GameData/REGISTRIES]: Holder lookups applied: minecraft:position_source_type
[07May2026 17:11:09.862] [Render thread/DEBUG] [net.minecraftforge.registries.GameData/REGISTRIES]: Applying holder lookups: minecraft:command_argument_type
[07May2026 17:11:09.862] [Render thread/DEBUG] [net.minecraftforge.registries.GameData/REGISTRIES]: Holder lookups applied: minecraft:command_argument_type
[07May2026 17:11:09.862] [Render thread/DEBUG] [net.minecraftforge.registries.GameData/REGISTRIES]: Applying holder lookups: minecraft:villager_type
[07May2026 17:11:09.862] [Render thread/DEBUG] [net.minecraftforge.registries.GameData/REGISTRIES]: Holder lookups applied: minecraft:villager_type
[07May2026 17:11:09.862] [Render thread/DEBUG] [net.minecraftforge.registries.GameData/REGISTRIES]: Applying holder lookups: minecraft:villager_profession
[07May2026 17:11:09.862] [Render thread/DEBUG] [net.minecraftforge.registries.GameData/REGISTRIES]: Holder lookups applied: minecraft:villager_profession
[07May2026 17:11:09.862] [Render thread/DEBUG] [net.minecraftforge.registries.GameData/REGISTRIES]: Applying holder lookups: minecraft:point_of_interest_type
[07May2026 17:11:09.862] [Render thread/DEBUG] [net.minecraftforge.registries.GameData/REGISTRIES]: Holder lookups applied: minecraft:point_of_interest_type
[07May2026 17:11:09.862] [Render thread/DEBUG] [net.minecraftforge.registries.GameData/REGISTRIES]: Applying holder lookups: minecraft:memory_module_type
[07May2026 17:11:09.862] [Render thread/DEBUG] [net.minecraftforge.registries.GameData/REGISTRIES]: Holder lookups applied: minecraft:memory_module_type
[07May2026 17:11:09.862] [Render thread/DEBUG] [net.minecraftforge.registries.GameData/REGISTRIES]: Applying holder lookups: minecraft:sensor_type
[07May2026 17:11:09.862] [Render thread/DEBUG] [net.minecraftforge.registries.GameData/REGISTRIES]: Holder lookups applied: minecraft:sensor_type
[07May2026 17:11:09.863] [Render thread/DEBUG] [net.minecraftforge.registries.GameData/REGISTRIES]: Applying holder lookups: minecraft:activity
[07May2026 17:11:09.863] [Render thread/DEBUG] [net.minecraftforge.registries.GameData/REGISTRIES]: Holder lookups applied: minecraft:activity
[07May2026 17:11:09.865] [Render thread/DEBUG] [net.minecraftforge.registries.GameData/REGISTRIES]: Applying holder lookups: minecraft:loot_condition_type
[07May2026 17:11:09.865] [Render thread/DEBUG] [net.minecraftforge.registries.GameData/REGISTRIES]: Holder lookups applied: minecraft:loot_condition_type
[07May2026 17:11:09.865] [Render thread/DEBUG] [net.minecraftforge.registries.GameData/REGISTRIES]: Applying holder lookups: minecraft:float_provider_type
[07May2026 17:11:09.865] [Render thread/DEBUG] [net.minecraftforge.registries.GameData/REGISTRIES]: Holder lookups applied: minecraft:float_provider_type
[07May2026 17:11:09.865] [Render thread/DEBUG] [net.minecraftforge.registries.GameData/REGISTRIES]: Applying holder lookups: minecraft:int_provider_type
[07May2026 17:11:09.865] [Render thread/DEBUG] [net.minecraftforge.registries.GameData/REGISTRIES]: Holder lookups applied: minecraft:int_provider_type
[07May2026 17:11:09.865] [Render thread/DEBUG] [net.minecraftforge.registries.GameData/REGISTRIES]: Applying holder lookups: minecraft:height_provider_type
[07May2026 17:11:09.865] [Render thread/DEBUG] [net.minecraftforge.registries.GameData/REGISTRIES]: Holder lookups applied: minecraft:height_provider_type
[07May2026 17:11:09.865] [Render thread/DEBUG] [net.minecraftforge.registries.GameData/REGISTRIES]: Applying holder lookups: minecraft:block_predicate_type
[07May2026 17:11:09.865] [Render thread/DEBUG] [net.minecraftforge.registries.GameData/REGISTRIES]: Holder lookups applied: minecraft:block_predicate_type
[07May2026 17:11:09.865] [Render thread/DEBUG] [net.minecraftforge.registries.GameData/REGISTRIES]: Applying holder lookups: minecraft:worldgen/carver
[07May2026 17:11:09.865] [Render thread/DEBUG] [net.minecraftforge.registries.GameData/REGISTRIES]: Holder lookups applied: minecraft:worldgen/carver
[07May2026 17:11:09.865] [Render thread/DEBUG] [net.minecraftforge.registries.GameData/REGISTRIES]: Applying holder lookups: minecraft:worldgen/structure_processor
[07May2026 17:11:09.865] [Render thread/DEBUG] [net.minecraftforge.registries.GameData/REGISTRIES]: Holder lookups applied: minecraft:worldgen/structure_processor
[07May2026 17:11:09.865] [Render thread/DEBUG] [net.minecraftforge.registries.GameData/REGISTRIES]: Applying holder lookups: minecraft:worldgen/feature
[07May2026 17:11:09.865] [Render thread/DEBUG] [net.minecraftforge.registries.GameData/REGISTRIES]: Holder lookups applied: minecraft:worldgen/feature
[07May2026 17:11:09.865] [Render thread/DEBUG] [net.minecraftforge.registries.GameData/REGISTRIES]: Applying holder lookups: minecraft:worldgen/structure_placement
[07May2026 17:11:09.865] [Render thread/DEBUG] [net.minecraftforge.registries.GameData/REGISTRIES]: Holder lookups applied: minecraft:worldgen/structure_placement
[07May2026 17:11:09.865] [Render thread/DEBUG] [net.minecraftforge.registries.GameData/REGISTRIES]: Applying holder lookups: minecraft:worldgen/structure_piece
[07May2026 17:11:09.866] [Render thread/DEBUG] [net.minecraftforge.registries.GameData/REGISTRIES]: Holder lookups applied: minecraft:worldgen/structure_piece
[07May2026 17:11:09.866] [Render thread/DEBUG] [net.minecraftforge.registries.GameData/REGISTRIES]: Applying holder lookups: minecraft:worldgen/structure_type
[07May2026 17:11:09.866] [Render thread/DEBUG] [net.minecraftforge.registries.GameData/REGISTRIES]: Holder lookups applied: minecraft:worldgen/structure_type
[07May2026 17:11:09.866] [Render thread/DEBUG] [net.minecraftforge.registries.GameData/REGISTRIES]: Applying holder lookups: minecraft:worldgen/placement_modifier_type
[07May2026 17:11:09.866] [Render thread/DEBUG] [net.minecraftforge.registries.GameData/REGISTRIES]: Holder lookups applied: minecraft:worldgen/placement_modifier_type
[07May2026 17:11:09.866] [Render thread/DEBUG] [net.minecraftforge.registries.GameData/REGISTRIES]: Applying holder lookups: minecraft:worldgen/block_state_provider_type
[07May2026 17:11:09.866] [Render thread/DEBUG] [net.minecraftforge.registries.GameData/REGISTRIES]: Holder lookups applied: minecraft:worldgen/block_state_provider_type
[07May2026 17:11:09.866] [Render thread/DEBUG] [net.minecraftforge.registries.GameData/REGISTRIES]: Applying holder lookups: minecraft:worldgen/foliage_placer_type
[07May2026 17:11:09.866] [Render thread/DEBUG] [net.minecraftforge.registries.GameData/REGISTRIES]: Holder lookups applied: minecraft:worldgen/foliage_placer_type
[07May2026 17:11:09.866] [Render thread/DEBUG] [net.minecraftforge.registries.GameData/REGISTRIES]: Applying holder lookups: minecraft:worldgen/trunk_placer_type
[07May2026 17:11:09.866] [Render thread/DEBUG] [net.minecraftforge.registries.GameData/REGISTRIES]: Holder lookups applied: minecraft:worldgen/trunk_placer_type
[07May2026 17:11:09.866] [Render thread/DEBUG] [net.minecraftforge.registries.GameData/REGISTRIES]: Applying holder lookups: minecraft:worldgen/root_placer_type
[07May2026 17:11:09.866] [Render thread/DEBUG] [net.minecraftforge.registries.GameData/REGISTRIES]: Holder lookups applied: minecraft:worldgen/root_placer_type
[07May2026 17:11:09.866] [Render thread/DEBUG] [net.minecraftforge.registries.GameData/REGISTRIES]: Applying holder lookups: minecraft:worldgen/tree_decorator_type
[07May2026 17:11:09.866] [Render thread/DEBUG] [net.minecraftforge.registries.GameData/REGISTRIES]: Holder lookups applied: minecraft:worldgen/tree_decorator_type
[07May2026 17:11:09.866] [Render thread/DEBUG] [net.minecraftforge.registries.GameData/REGISTRIES]: Applying holder lookups: minecraft:worldgen/feature_size_type
[07May2026 17:11:09.866] [Render thread/DEBUG] [net.minecraftforge.registries.GameData/REGISTRIES]: Holder lookups applied: minecraft:worldgen/feature_size_type
[07May2026 17:11:09.866] [Render thread/DEBUG] [net.minecraftforge.registries.GameData/REGISTRIES]: Applying holder lookups: minecraft:worldgen/biome_source
[07May2026 17:11:09.866] [Render thread/DEBUG] [net.minecraftforge.registries.GameData/REGISTRIES]: Holder lookups applied: minecraft:worldgen/biome_source
[07May2026 17:11:09.866] [Render thread/DEBUG] [net.minecraftforge.registries.GameData/REGISTRIES]: Applying holder lookups: minecraft:worldgen/chunk_generator
[07May2026 17:11:09.866] [Render thread/DEBUG] [net.minecraftforge.registries.GameData/REGISTRIES]: Holder lookups applied: minecraft:worldgen/chunk_generator
[07May2026 17:11:09.866] [Render thread/DEBUG] [net.minecraftforge.registries.GameData/REGISTRIES]: Applying holder lookups: minecraft:worldgen/material_condition
[07May2026 17:11:09.866] [Render thread/DEBUG] [net.minecraftforge.registries.GameData/REGISTRIES]: Holder lookups applied: minecraft:worldgen/material_condition
[07May2026 17:11:09.866] [Render thread/DEBUG] [net.minecraftforge.registries.GameData/REGISTRIES]: Applying holder lookups: minecraft:worldgen/material_rule
[07May2026 17:11:09.866] [Render thread/DEBUG] [net.minecraftforge.registries.GameData/REGISTRIES]: Holder lookups applied: minecraft:worldgen/material_rule
[07May2026 17:11:09.866] [Render thread/DEBUG] [net.minecraftforge.registries.GameData/REGISTRIES]: Applying holder lookups: minecraft:worldgen/density_function_type
[07May2026 17:11:09.866] [Render thread/DEBUG] [net.minecraftforge.registries.GameData/REGISTRIES]: Holder lookups applied: minecraft:worldgen/density_function_type
[07May2026 17:11:09.867] [Render thread/DEBUG] [net.minecraftforge.registries.GameData/REGISTRIES]: Applying holder lookups: minecraft:block_type
[07May2026 17:11:09.867] [Render thread/DEBUG] [net.minecraftforge.registries.GameData/REGISTRIES]: Holder lookups applied: minecraft:block_type
[07May2026 17:11:09.867] [Render thread/DEBUG] [net.minecraftforge.registries.GameData/REGISTRIES]: Applying holder lookups: minecraft:worldgen/structure_pool_element
[07May2026 17:11:09.867] [Render thread/DEBUG] [net.minecraftforge.registries.GameData/REGISTRIES]: Holder lookups applied: minecraft:worldgen/structure_pool_element
[07May2026 17:11:09.867] [Render thread/DEBUG] [net.minecraftforge.registries.GameData/REGISTRIES]: Applying holder lookups: minecraft:worldgen/pool_alias_binding
[07May2026 17:11:09.867] [Render thread/DEBUG] [net.minecraftforge.registries.GameData/REGISTRIES]: Holder lookups applied: minecraft:worldgen/pool_alias_binding
[07May2026 17:11:09.867] [Render thread/DEBUG] [net.minecraftforge.registries.GameData/REGISTRIES]: Applying holder lookups: minecraft:decorated_pot_pattern
[07May2026 17:11:09.867] [Render thread/DEBUG] [net.minecraftforge.registries.GameData/REGISTRIES]: Holder lookups applied: minecraft:decorated_pot_pattern
[07May2026 17:11:09.867] [Render thread/DEBUG] [net.minecraftforge.registries.GameData/REGISTRIES]: Applying holder lookups: minecraft:creative_mode_tab
[07May2026 17:11:09.867] [Render thread/DEBUG] [net.minecraftforge.registries.GameData/REGISTRIES]: Holder lookups applied: minecraft:creative_mode_tab
[07May2026 17:11:09.867] [Render thread/DEBUG] [net.minecraftforge.registries.GameData/REGISTRIES]: Applying holder lookups: minecraft:trigger_type
[07May2026 17:11:09.867] [Render thread/DEBUG] [net.minecraftforge.registries.GameData/REGISTRIES]: Holder lookups applied: minecraft:trigger_type
[07May2026 17:11:09.867] [Render thread/DEBUG] [net.minecraftforge.registries.GameData/REGISTRIES]: Applying holder lookups: minecraft:number_format_type
[07May2026 17:11:09.867] [Render thread/DEBUG] [net.minecraftforge.registries.GameData/REGISTRIES]: Holder lookups applied: minecraft:number_format_type
[07May2026 17:11:09.867] [Render thread/DEBUG] [net.minecraftforge.registries.GameData/REGISTRIES]: Applying holder lookups: minecraft:game_rule
[07May2026 17:11:09.867] [Render thread/DEBUG] [net.minecraftforge.registries.GameData/REGISTRIES]: Holder lookups applied: minecraft:game_rule
[07May2026 17:11:09.867] [Render thread/DEBUG] [net.minecraftforge.registries.GameData/REGISTRIES]: Applying holder lookups: minecraft:entity_sub_predicate_type
[07May2026 17:11:09.867] [Render thread/DEBUG] [net.minecraftforge.registries.GameData/REGISTRIES]: Holder lookups applied: minecraft:entity_sub_predicate_type
[07May2026 17:11:09.867] [Render thread/DEBUG] [net.minecraftforge.registries.GameData/REGISTRIES]: Applying holder lookups: minecraft:data_component_predicate_type
[07May2026 17:11:09.868] [Render thread/DEBUG] [net.minecraftforge.registries.GameData/REGISTRIES]: Holder lookups applied: minecraft:data_component_predicate_type
[07May2026 17:11:09.868] [Render thread/DEBUG] [net.minecraftforge.registries.GameData/REGISTRIES]: Applying holder lookups: minecraft:enchantment_level_based_value_type
[07May2026 17:11:09.868] [Render thread/DEBUG] [net.minecraftforge.registries.GameData/REGISTRIES]: Holder lookups applied: minecraft:enchantment_level_based_value_type
[07May2026 17:11:09.868] [Render thread/DEBUG] [net.minecraftforge.registries.GameData/REGISTRIES]: Applying holder lookups: minecraft:enchantment_entity_effect_type
[07May2026 17:11:09.868] [Render thread/DEBUG] [net.minecraftforge.registries.GameData/REGISTRIES]: Holder lookups applied: minecraft:enchantment_entity_effect_type
[07May2026 17:11:09.868] [Render thread/DEBUG] [net.minecraftforge.registries.GameData/REGISTRIES]: Applying holder lookups: minecraft:enchantment_location_based_effect_type
[07May2026 17:11:09.868] [Render thread/DEBUG] [net.minecraftforge.registries.GameData/REGISTRIES]: Holder lookups applied: minecraft:enchantment_location_based_effect_type
[07May2026 17:11:09.868] [Render thread/DEBUG] [net.minecraftforge.registries.GameData/REGISTRIES]: Applying holder lookups: minecraft:enchantment_value_effect_type
[07May2026 17:11:09.868] [Render thread/DEBUG] [net.minecraftforge.registries.GameData/REGISTRIES]: Holder lookups applied: minecraft:enchantment_value_effect_type
[07May2026 17:11:09.868] [Render thread/DEBUG] [net.minecraftforge.registries.GameData/REGISTRIES]: Applying holder lookups: minecraft:enchantment_provider_type
[07May2026 17:11:09.868] [Render thread/DEBUG] [net.minecraftforge.registries.GameData/REGISTRIES]: Holder lookups applied: minecraft:enchantment_provider_type
[07May2026 17:11:09.868] [Render thread/DEBUG] [net.minecraftforge.registries.GameData/REGISTRIES]: Applying holder lookups: minecraft:consume_effect_type
[07May2026 17:11:09.868] [Render thread/DEBUG] [net.minecraftforge.registries.GameData/REGISTRIES]: Holder lookups applied: minecraft:consume_effect_type
[07May2026 17:11:09.868] [Render thread/DEBUG] [net.minecraftforge.registries.GameData/REGISTRIES]: Applying holder lookups: minecraft:recipe_display
[07May2026 17:11:09.868] [Render thread/DEBUG] [net.minecraftforge.registries.GameData/REGISTRIES]: Holder lookups applied: minecraft:recipe_display
[07May2026 17:11:09.868] [Render thread/DEBUG] [net.minecraftforge.registries.GameData/REGISTRIES]: Applying holder lookups: minecraft:slot_display
[07May2026 17:11:09.868] [Render thread/DEBUG] [net.minecraftforge.registries.GameData/REGISTRIES]: Holder lookups applied: minecraft:slot_display
[07May2026 17:11:09.868] [Render thread/DEBUG] [net.minecraftforge.registries.GameData/REGISTRIES]: Applying holder lookups: minecraft:recipe_book_category
[07May2026 17:11:09.868] [Render thread/DEBUG] [net.minecraftforge.registries.GameData/REGISTRIES]: Holder lookups applied: minecraft:recipe_book_category
[07May2026 17:11:09.868] [Render thread/DEBUG] [net.minecraftforge.registries.GameData/REGISTRIES]: Applying holder lookups: minecraft:ticket_type
[07May2026 17:11:09.868] [Render thread/DEBUG] [net.minecraftforge.registries.GameData/REGISTRIES]: Holder lookups applied: minecraft:ticket_type
[07May2026 17:11:09.869] [Render thread/DEBUG] [net.minecraftforge.registries.GameData/REGISTRIES]: Applying holder lookups: minecraft:incoming_rpc_methods
[07May2026 17:11:09.869] [Render thread/DEBUG] [net.minecraftforge.registries.GameData/REGISTRIES]: Holder lookups applied: minecraft:incoming_rpc_methods
[07May2026 17:11:09.869] [Render thread/DEBUG] [net.minecraftforge.registries.GameData/REGISTRIES]: Applying holder lookups: minecraft:outgoing_rpc_methods
[07May2026 17:11:09.869] [Render thread/DEBUG] [net.minecraftforge.registries.GameData/REGISTRIES]: Holder lookups applied: minecraft:outgoing_rpc_methods
[07May2026 17:11:09.869] [Render thread/DEBUG] [net.minecraftforge.registries.GameData/REGISTRIES]: Applying holder lookups: minecraft:test_environment_definition_type
[07May2026 17:11:09.869] [Render thread/DEBUG] [net.minecraftforge.registries.GameData/REGISTRIES]: Holder lookups applied: minecraft:test_environment_definition_type
[07May2026 17:11:09.869] [Render thread/DEBUG] [net.minecraftforge.registries.GameData/REGISTRIES]: Applying holder lookups: minecraft:test_instance_type
[07May2026 17:11:09.869] [Render thread/DEBUG] [net.minecraftforge.registries.GameData/REGISTRIES]: Holder lookups applied: minecraft:test_instance_type
[07May2026 17:11:09.869] [Render thread/DEBUG] [net.minecraftforge.registries.GameData/REGISTRIES]: Applying holder lookups: minecraft:spawn_condition_type
[07May2026 17:11:09.869] [Render thread/DEBUG] [net.minecraftforge.registries.GameData/REGISTRIES]: Holder lookups applied: minecraft:spawn_condition_type
[07May2026 17:11:09.869] [Render thread/DEBUG] [net.minecraftforge.registries.GameData/REGISTRIES]: Applying holder lookups: minecraft:dialog_type
[07May2026 17:11:09.869] [Render thread/DEBUG] [net.minecraftforge.registries.GameData/REGISTRIES]: Holder lookups applied: minecraft:dialog_type
[07May2026 17:11:09.869] [Render thread/DEBUG] [net.minecraftforge.registries.GameData/REGISTRIES]: Applying holder lookups: minecraft:dialog_action_type
[07May2026 17:11:09.869] [Render thread/DEBUG] [net.minecraftforge.registries.GameData/REGISTRIES]: Holder lookups applied: minecraft:dialog_action_type
[07May2026 17:11:09.869] [Render thread/DEBUG] [net.minecraftforge.registries.GameData/REGISTRIES]: Applying holder lookups: minecraft:input_control_type
[07May2026 17:11:09.869] [Render thread/DEBUG] [net.minecraftforge.registries.GameData/REGISTRIES]: Holder lookups applied: minecraft:input_control_type
[07May2026 17:11:09.869] [Render thread/DEBUG] [net.minecraftforge.registries.GameData/REGISTRIES]: Applying holder lookups: minecraft:dialog_body_type
[07May2026 17:11:09.869] [Render thread/DEBUG] [net.minecraftforge.registries.GameData/REGISTRIES]: Holder lookups applied: minecraft:dialog_body_type
[07May2026 17:11:09.869] [Render thread/DEBUG] [net.minecraftforge.registries.GameData/REGISTRIES]: Applying holder lookups: minecraft:permission_type
[07May2026 17:11:09.869] [Render thread/DEBUG] [net.minecraftforge.registries.GameData/REGISTRIES]: Holder lookups applied: minecraft:permission_type
[07May2026 17:11:09.869] [Render thread/DEBUG] [net.minecraftforge.registries.GameData/REGISTRIES]: Applying holder lookups: minecraft:permission_check_type
[07May2026 17:11:09.870] [Render thread/DEBUG] [net.minecraftforge.registries.GameData/REGISTRIES]: Holder lookups applied: minecraft:permission_check_type
[07May2026 17:11:09.870] [Render thread/DEBUG] [net.minecraftforge.registries.GameData/REGISTRIES]: Applying holder lookups: minecraft:attribute_type
[07May2026 17:11:09.870] [Render thread/DEBUG] [net.minecraftforge.registries.GameData/REGISTRIES]: Holder lookups applied: minecraft:attribute_type
[07May2026 17:11:09.870] [Render thread/DEBUG] [net.minecraftforge.registries.GameData/REGISTRIES]: Applying holder lookups: minecraft:environment_attribute
[07May2026 17:11:09.870] [Render thread/DEBUG] [net.minecraftforge.registries.GameData/REGISTRIES]: Holder lookups applied: minecraft:environment_attribute
[07May2026 17:11:09.870] [Render thread/DEBUG] [net.minecraftforge.registries.GameData/REGISTRIES]: Applying holder lookups: minecraft:slot_source_type
[07May2026 17:11:09.870] [Render thread/DEBUG] [net.minecraftforge.registries.GameData/REGISTRIES]: Holder lookups applied: minecraft:slot_source_type
[07May2026 17:11:09.870] [Render thread/DEBUG] [net.minecraftforge.registries.GameData/REGISTRIES]: Applying holder lookups: minecraft:test_function
[07May2026 17:11:09.870] [Render thread/DEBUG] [net.minecraftforge.registries.GameData/REGISTRIES]: Holder lookups applied: minecraft:test_function
[07May2026 17:11:09.876] [Render thread/DEBUG] [net.minecraftforge.registries.GameData/REGISTRIES]: Applying holder lookups: forge:biome_modifier_serializers
[07May2026 17:11:09.877] [Render thread/DEBUG] [net.minecraftforge.registries.GameData/REGISTRIES]: Holder lookups applied: forge:biome_modifier_serializers
[07May2026 17:11:09.881] [Render thread/DEBUG] [net.minecraftforge.registries.GameData/REGISTRIES]: Applying holder lookups: forge:condition_codecs
[07May2026 17:11:09.881] [Render thread/DEBUG] [net.minecraftforge.registries.GameData/REGISTRIES]: Holder lookups applied: forge:condition_codecs
[07May2026 17:11:09.881] [Render thread/DEBUG] [net.minecraftforge.registries.GameData/REGISTRIES]: Applying holder lookups: forge:display_contexts
[07May2026 17:11:09.881] [Render thread/DEBUG] [net.minecraftforge.registries.GameData/REGISTRIES]: Holder lookups applied: forge:display_contexts
[07May2026 17:11:09.881] [Render thread/DEBUG] [net.minecraftforge.registries.GameData/REGISTRIES]: Applying holder lookups: forge:entity_data_serializers
[07May2026 17:11:09.881] [Render thread/DEBUG] [net.minecraftforge.registries.GameData/REGISTRIES]: Holder lookups applied: forge:entity_data_serializers
[07May2026 17:11:09.885] [Render thread/DEBUG] [net.minecraftforge.registries.GameData/REGISTRIES]: Applying holder lookups: forge:fluid_type
[07May2026 17:11:09.885] [Render thread/DEBUG] [net.minecraftforge.registries.GameData/REGISTRIES]: Holder lookups applied: forge:fluid_type
[07May2026 17:11:09.885] [Render thread/DEBUG] [net.minecraftforge.registries.GameData/REGISTRIES]: Applying holder lookups: forge:global_loot_modifier_serializers
[07May2026 17:11:09.885] [Render thread/DEBUG] [net.minecraftforge.registries.GameData/REGISTRIES]: Holder lookups applied: forge:global_loot_modifier_serializers
[07May2026 17:11:09.887] [Render thread/DEBUG] [net.minecraftforge.registries.GameData/REGISTRIES]: Applying holder lookups: forge:holder_set_type
[07May2026 17:11:09.887] [Render thread/DEBUG] [net.minecraftforge.registries.GameData/REGISTRIES]: Holder lookups applied: forge:holder_set_type
[07May2026 17:11:09.894] [Render thread/DEBUG] [net.minecraftforge.registries.GameData/REGISTRIES]: Applying holder lookups: forge:ingredient_serializers
[07May2026 17:11:09.894] [Render thread/DEBUG] [net.minecraftforge.registries.GameData/REGISTRIES]: Holder lookups applied: forge:ingredient_serializers
[07May2026 17:11:09.895] [Render thread/DEBUG] [net.minecraftforge.registries.GameData/REGISTRIES]: Applying holder lookups: forge:structure_modifier_serializers
[07May2026 17:11:09.895] [Render thread/DEBUG] [net.minecraftforge.registries.GameData/REGISTRIES]: Holder lookups applied: forge:structure_modifier_serializers
[07May2026 17:11:09.895] [Render thread/DEBUG] [net.minecraftforge.registries.GameData/REGISTRIES]: Applying holder lookups: minecraft:painting_variant
[07May2026 17:11:09.895] [Render thread/DEBUG] [net.minecraftforge.registries.GameData/REGISTRIES]: Holder lookups applied: minecraft:painting_variant
[07May2026 17:11:09.895] [Render thread/DEBUG] [net.minecraftforge.registries.GameData/REGISTRIES]: Applying holder lookups: minecraft:worldgen/biome
[07May2026 17:11:09.895] [Render thread/DEBUG] [net.minecraftforge.registries.GameData/REGISTRIES]: Holder lookups applied: minecraft:worldgen/biome
[07May2026 17:11:09.955] [Render thread/DEBUG] [net.minecraftforge.resource.ResourcePackLoader/CORE]: Generating PackInfo named mod:compacttools73 for mod file E:\IMPORTANT\Files\Coding\Projects\Minecraft Mods\Mods\CompactToolsNew\Forge\1.21.11\build\sourcesSets\main
[07May2026 17:11:09.957] [Render thread/DEBUG] [net.minecraftforge.resource.ResourcePackLoader/CORE]: Generating PackInfo named mod:forge for mod file /
[07May2026 17:11:10.203] [Render thread/INFO] [net.minecraft.server.packs.resources.ReloadableResourceManager/]: Reloading ResourceManager: vanilla, mod_resources
[07May2026 17:11:10.213] [modloading-worker-0/DEBUG] [net.minecraftforge.fml.config.ConfigTracker/CONFIG]: Loading configs type CLIENT
[07May2026 17:11:10.216] [modloading-worker-0/DEBUG] [net.minecraftforge.fml.config.ConfigFileTypeHandler/CONFIG]: Built TOML config for E:\IMPORTANT\Files\Coding\Projects\Minecraft Mods\Mods\CompactToolsNew\Forge\1.21.11\run\config\forge-client.toml
[07May2026 17:11:10.216] [modloading-worker-0/DEBUG] [net.minecraftforge.fml.config.ConfigFileTypeHandler/CONFIG]: Loaded TOML config file E:\IMPORTANT\Files\Coding\Projects\Minecraft Mods\Mods\CompactToolsNew\Forge\1.21.11\run\config\forge-client.toml
[07May2026 17:11:10.216] [modloading-worker-0/DEBUG] [net.minecraftforge.fml.config.ConfigFileTypeHandler/CONFIG]: Starting watcher for handler: ConfigFileTypeHandler[CLIENT]
[07May2026 17:11:10.236] [modloading-worker-0/DEBUG] [net.minecraftforge.fml.config.ConfigFileTypeHandler/CONFIG]: Watching TOML config file E:\IMPORTANT\Files\Coding\Projects\Minecraft Mods\Mods\CompactToolsNew\Forge\1.21.11\run\config\forge-client.toml for changes
[07May2026 17:11:10.241] [modloading-worker-0/DEBUG] [net.minecraftforge.common.ForgeConfig/FORGEMOD]: Loaded forge config file forge-client.toml
[07May2026 17:11:10.243] [modloading-worker-0/DEBUG] [net.minecraftforge.fml.config.ConfigTracker/CONFIG]: Loading configs type COMMON
[07May2026 17:11:10.243] [modloading-worker-0/DEBUG] [net.minecraftforge.fml.config.ConfigFileTypeHandler/CONFIG]: Built TOML config for E:\IMPORTANT\Files\Coding\Projects\Minecraft Mods\Mods\CompactToolsNew\Forge\1.21.11\run\config\forge-common.toml
[07May2026 17:11:10.243] [modloading-worker-0/DEBUG] [net.minecraftforge.fml.config.ConfigFileTypeHandler/CONFIG]: Loaded TOML config file E:\IMPORTANT\Files\Coding\Projects\Minecraft Mods\Mods\CompactToolsNew\Forge\1.21.11\run\config\forge-common.toml
[07May2026 17:11:10.243] [modloading-worker-0/DEBUG] [net.minecraftforge.fml.config.ConfigFileTypeHandler/CONFIG]: Starting watcher for handler: ConfigFileTypeHandler[COMMON]
[07May2026 17:11:10.245] [modloading-worker-0/DEBUG] [net.minecraftforge.fml.config.ConfigFileTypeHandler/CONFIG]: Watching TOML config file E:\IMPORTANT\Files\Coding\Projects\Minecraft Mods\Mods\CompactToolsNew\Forge\1.21.11\run\config\forge-common.toml for changes
[07May2026 17:11:10.245] [modloading-worker-0/DEBUG] [net.minecraftforge.common.ForgeConfig/FORGEMOD]: Loaded forge config file forge-common.toml
[07May2026 17:11:10.267] [Download-1/INFO] [com.mojang.realmsclient.client.RealmsClient/]: Could not authorize you against Realms server: java.lang.RuntimeException: Failed to parse into SignedJWT: 0
[07May2026 17:11:10.270] [Download-1/ERROR] [com.mojang.realmsclient.client.RealmsClient/]: Failed to fetch Realms feature flags
com.mojang.realmsclient.exception.RealmsServiceException: Realms authentication error with message 'java.lang.RuntimeException: Failed to parse into SignedJWT: 0'
	at TRANSFORMER/minecraft@1.21.11/com.mojang.realmsclient.client.RealmsClient.execute(RealmsClient.java:515) ~[forge-1.21.11-61.1.5_mapped_parchment_2025.10.12-1.21.10-recomp.jar%230!/:?]
	at TRANSFORMER/minecraft@1.21.11/com.mojang.realmsclient.client.RealmsClient.fetchFeatureFlags(RealmsClient.java:160) ~[forge-1.21.11-61.1.5_mapped_parchment_2025.10.12-1.21.10-recomp.jar%230!/:?]
	at java.base/java.util.concurrent.CompletableFuture$AsyncSupply.run(CompletableFuture.java:1768) ~[?:?]
	at java.base/java.util.concurrent.ThreadPoolExecutor.runWorker(ThreadPoolExecutor.java:1144) ~[?:?]
	at java.base/java.util.concurrent.ThreadPoolExecutor$Worker.run(ThreadPoolExecutor.java:642) ~[?:?]
	at java.base/java.lang.Thread.run(Thread.java:1583) [?:?]
[07May2026 17:11:10.398] [Worker-Main-5/INFO] [net.minecraft.client.gui.font.providers.UnihexProvider/]: Found unifont_pua-17.0.01.hex, loading
[07May2026 17:11:10.398] [Worker-Main-6/INFO] [net.minecraft.client.gui.font.providers.UnihexProvider/]: Found unifont_all_no_pua-17.0.01.hex, loading
[07May2026 17:11:10.525] [Worker-Main-11/INFO] [net.minecraft.client.gui.font.providers.UnihexProvider/]: Found unifont_jp_patch-17.0.01.hex, loading
[07May2026 17:11:10.807] [Forge Version Check/INFO] [net.minecraftforge.fml.VersionChecker/]: [forge] Starting version check at https://files.minecraftforge.net/net/minecraftforge/forge/promotions_slim.json
[07May2026 17:11:11.207] [Forge Version Check/DEBUG] [net.minecraftforge.fml.VersionChecker/]: [forge] Received version check data:
{
  "homepage": "https://files.minecraftforge.net/net/minecraftforge/forge/",
  "promos": {
    "1.1-latest": "1.3.4.29",
    "1.2.3-latest": "1.4.1.64",
    "1.2.4-latest": "2.0.0.68",
    "1.2.5-latest": "3.4.9.171",
    "1.3.2-latest": "4.3.5.318",
    "1.4.0-latest": "5.0.0.326",
    "1.4.1-latest": "6.0.0.329",
    "1.4.2-latest": "6.0.1.355",
    "1.4.3-latest": "6.2.1.358",
    "1.4.4-latest": "6.3.0.378",
    "1.4.5-latest": "6.4.2.448",
    "1.4.6-latest": "6.5.0.489",
    "1.4.7-latest": "6.6.2.534",
    "1.5-latest": "7.7.0.598",
    "1.5.1-latest": "7.7.2.682",
    "1.5.2-latest": "7.8.1.738",
    "1.5.2-recommended": "7.8.1.738",
    "1.6.1-latest": "8.9.0.775",
    "1.6.2-latest": "9.10.1.871",
    "1.6.2-recommended": "9.10.1.871",
    "1.6.3-latest": "9.11.0.878",
    "1.6.4-latest": "9.11.1.1345",
    "1.6.4-recommended": "9.11.1.1345",
    "1.7.2-latest": "10.12.2.1161",
    "1.7.2-recommended": "10.12.2.1161",
    "1.7.10-latest": "10.13.4.1614",
    "1.7.10-recommended": "10.13.4.1614",
    "1.8-latest": "11.14.4.1577",
    "1.8-recommended": "11.14.4.1563",
    "1.8.8-latest": "11.15.0.1655",
    "1.8.9-latest": "11.15.1.2318",
    "1.8.9-recommended": "11.15.1.2318",
    "1.9-latest": "12.16.1.1938",
    "1.9-recommended": "12.16.1.1887",
    "1.9.4-latest": "12.17.0.2317",
    "1.9.4-recommended": "12.17.0.2317",
    "1.10-latest": "12.18.0.2000",
    "1.10.2-latest": "12.18.3.2511",
    "1.10.2-recommended": "12.18.3.2511",
    "1.11-latest": "13.19.1.2199",
    "1.11-recommended": "13.19.1.2189",
    "1.11.2-latest": "13.20.1.2588",
    "1.11.2-recommended": "13.20.1.2588",
    "1.12-latest": "14.21.1.2443",
    "1.12-recommended": "14.21.1.2387",
    "1.12.1-latest": "14.22.1.2485",
    "1.12.1-recommended": "14.22.1.2478",
    "1.12.2-latest": "14.23.5.2864",
    "1.12.2-recommended": "14.23.5.2859",
    "1.13.2-latest": "25.0.223",
    "1.14.2-latest": "26.0.63",
    "1.14.3-latest": "27.0.60",
    "1.14.4-latest": "28.2.28",
    "1.14.4-recommended": "28.2.26",
    "1.15-latest": "29.0.4",
    "1.15.1-latest": "30.0.51",
    "1.15.2-latest": "31.2.60",
    "1.15.2-recommended": "31.2.57",
    "1.16.1-latest": "32.0.108",
    "1.16.2-latest": "33.0.61",
    "1.16.3-latest": "34.1.42",
    "1.16.3-recommended": "34.1.0",
    "1.16.4-latest": "35.1.37",
    "1.16.4-recommended": "35.1.4",
    "1.16.5-latest": "36.2.42",
    "1.16.5-recommended": "36.2.34",
    "1.17.1-latest": "37.1.1",
    "1.17.1-recommended": "37.1.1",
    "1.18-latest": "38.0.17",
    "1.18.1-latest": "39.1.2",
    "1.18.1-recommended": "39.1.0",
    "1.18.2-recommended": "40.3.0",
    "1.18.2-latest": "40.3.12",
    "1.19-latest": "41.1.0",
    "1.19-recommended": "41.1.0",
    "1.19.1-latest": "42.0.9",
    "1.19.2-recommended": "43.5.0",
    "1.19.2-latest": "43.5.2",
    "1.19.3-latest": "44.1.23",
    "1.19.3-recommended": "44.1.0",
    "1.19.4-recommended": "45.4.0",
    "1.19.4-latest": "45.4.3",
    "1.20-latest": "46.0.14",
    "1.20.1-recommended": "47.4.10",
    "1.20.1-latest": "47.4.20",
    "1.20.2-latest": "48.1.0",
    "1.20.2-recommended": "48.1.0",
    "1.20.3-latest": "49.0.2",
    "1.20.4-latest": "49.2.7",
    "1.20.4-recommended": "49.2.0",
    "1.20.6-latest": "50.2.8",
    "1.20.6-recommended": "50.2.0",
    "1.21-latest": "51.0.33",
    "1.21.1-latest": "52.1.14",
    "1.21.1-recommended": "52.1.0",
    "1.21.3-latest": "53.1.10",
    "1.21.3-recommended": "53.1.0",
    "1.21.4-latest": "54.1.16",
    "1.21.4-recommended": "54.1.14",
    "1.21.5-latest": "55.1.10",
    "1.21.5-recommended": "55.1.0",
    "1.21.6-latest": "56.0.9",
    "1.21.7-latest": "57.0.3",
    "1.21.8-latest": "58.1.18",
    "1.21.8-recommended": "58.1.0",
    "1.21.9-latest": "59.0.5",
    "1.21.10-latest": "60.1.9",
    "1.21.10-recommended": "60.1.0",
    "1.21.11-latest": "61.1.5",
    "1.21.11-recommended": "61.1.0",
    "26.1-latest": "62.0.9",
    "26.1.1-latest": "63.0.2",
    "26.1.2-latest": "64.0.8"
  }
}
[07May2026 17:11:11.208] [Forge Version Check/INFO] [net.minecraftforge.fml.VersionChecker/]: [forge] Found status: AHEAD Current: 61.1.5 Target: null
[07May2026 17:11:11.291] [modloading-worker-0/DEBUG] [net.minecraftforge.registries.GameData/REGISTRIES]: Freezing registries
[07May2026 17:11:11.294] [modloading-worker-0/DEBUG] [net.minecraftforge.registries.ForgeRegistry/REGISTRIES]: Registry minecraft:block Sync: FROZEN -> ACTIVE
[07May2026 17:11:11.301] [modloading-worker-0/DEBUG] [net.minecraftforge.registries.ForgeRegistry/REGISTRIES]: Registry minecraft:fluid Sync: FROZEN -> ACTIVE
[07May2026 17:11:11.301] [modloading-worker-0/DEBUG] [net.minecraftforge.registries.ForgeRegistry/REGISTRIES]: Registry minecraft:item Sync: FROZEN -> ACTIVE
[07May2026 17:11:11.313] [modloading-worker-0/DEBUG] [net.minecraftforge.registries.ForgeRegistry/REGISTRIES]: Registry minecraft:mob_effect Sync: FROZEN -> ACTIVE
[07May2026 17:11:11.313] [modloading-worker-0/DEBUG] [net.minecraftforge.registries.ForgeRegistry/REGISTRIES]: Registry minecraft:sound_event Sync: FROZEN -> ACTIVE
[07May2026 17:11:11.323] [modloading-worker-0/DEBUG] [net.minecraftforge.registries.ForgeRegistry/REGISTRIES]: Registry minecraft:potion Sync: FROZEN -> ACTIVE
[07May2026 17:11:11.323] [modloading-worker-0/DEBUG] [net.minecraftforge.registries.ForgeRegistry/REGISTRIES]: Registry minecraft:entity_type Sync: FROZEN -> ACTIVE
[07May2026 17:11:11.324] [modloading-worker-0/DEBUG] [net.minecraftforge.registries.ForgeRegistry/REGISTRIES]: Registry minecraft:block_entity_type Sync: FROZEN -> ACTIVE
[07May2026 17:11:11.324] [modloading-worker-0/DEBUG] [net.minecraftforge.registries.ForgeRegistry/REGISTRIES]: Registry minecraft:particle_type Sync: FROZEN -> ACTIVE
[07May2026 17:11:11.324] [modloading-worker-0/DEBUG] [net.minecraftforge.registries.ForgeRegistry/REGISTRIES]: Registry minecraft:menu Sync: FROZEN -> ACTIVE
[07May2026 17:11:11.325] [modloading-worker-0/DEBUG] [net.minecraftforge.registries.ForgeRegistry/REGISTRIES]: Registry minecraft:painting_variant Sync: FROZEN -> ACTIVE
[07May2026 17:11:11.325] [modloading-worker-0/DEBUG] [net.minecraftforge.registries.ForgeRegistry/REGISTRIES]: Registry minecraft:recipe_type Sync: FROZEN -> ACTIVE
[07May2026 17:11:11.325] [modloading-worker-0/DEBUG] [net.minecraftforge.registries.ForgeRegistry/REGISTRIES]: Registry minecraft:recipe_serializer Sync: FROZEN -> ACTIVE
[07May2026 17:11:11.325] [modloading-worker-0/DEBUG] [net.minecraftforge.registries.ForgeRegistry/REGISTRIES]: Registry minecraft:attribute Sync: FROZEN -> ACTIVE
[07May2026 17:11:11.325] [modloading-worker-0/DEBUG] [net.minecraftforge.registries.ForgeRegistry/REGISTRIES]: Registry minecraft:stat_type Sync: FROZEN -> ACTIVE
[07May2026 17:11:11.325] [modloading-worker-0/DEBUG] [net.minecraftforge.registries.ForgeRegistry/REGISTRIES]: Registry minecraft:command_argument_type Sync: FROZEN -> ACTIVE
[07May2026 17:11:11.325] [modloading-worker-0/DEBUG] [net.minecraftforge.registries.ForgeRegistry/REGISTRIES]: Registry minecraft:data_component_type Sync: FROZEN -> ACTIVE
[07May2026 17:11:11.325] [modloading-worker-0/DEBUG] [net.minecraftforge.registries.ForgeRegistry/REGISTRIES]: Registry minecraft:villager_profession Sync: FROZEN -> ACTIVE
[07May2026 17:11:11.326] [modloading-worker-0/DEBUG] [net.minecraftforge.registries.ForgeRegistry/REGISTRIES]: Registry minecraft:point_of_interest_type Sync: FROZEN -> ACTIVE
[07May2026 17:11:11.329] [modloading-worker-0/DEBUG] [net.minecraftforge.registries.ForgeRegistry/REGISTRIES]: Registry minecraft:memory_module_type Sync: FROZEN -> ACTIVE
[07May2026 17:11:11.329] [modloading-worker-0/DEBUG] [net.minecraftforge.registries.ForgeRegistry/REGISTRIES]: Registry minecraft:sensor_type Sync: FROZEN -> ACTIVE
[07May2026 17:11:11.329] [modloading-worker-0/DEBUG] [net.minecraftforge.registries.ForgeRegistry/REGISTRIES]: Registry minecraft:activity Sync: FROZEN -> ACTIVE
[07May2026 17:11:11.329] [modloading-worker-0/DEBUG] [net.minecraftforge.registries.ForgeRegistry/REGISTRIES]: Registry minecraft:worldgen/carver Sync: FROZEN -> ACTIVE
[07May2026 17:11:11.330] [modloading-worker-0/DEBUG] [net.minecraftforge.registries.ForgeRegistry/REGISTRIES]: Registry minecraft:worldgen/feature Sync: FROZEN -> ACTIVE
[07May2026 17:11:11.330] [modloading-worker-0/DEBUG] [net.minecraftforge.registries.ForgeRegistry/REGISTRIES]: Registry minecraft:chunk_status Sync: FROZEN -> ACTIVE
[07May2026 17:11:11.330] [modloading-worker-0/DEBUG] [net.minecraftforge.registries.ForgeRegistry/REGISTRIES]: Registry minecraft:worldgen/block_state_provider_type Sync: FROZEN -> ACTIVE
[07May2026 17:11:11.330] [modloading-worker-0/DEBUG] [net.minecraftforge.registries.ForgeRegistry/REGISTRIES]: Registry minecraft:worldgen/foliage_placer_type Sync: FROZEN -> ACTIVE
[07May2026 17:11:11.330] [modloading-worker-0/DEBUG] [net.minecraftforge.registries.ForgeRegistry/REGISTRIES]: Registry minecraft:worldgen/tree_decorator_type Sync: FROZEN -> ACTIVE
[07May2026 17:11:11.330] [modloading-worker-0/DEBUG] [net.minecraftforge.registries.ForgeRegistry/REGISTRIES]: Registry minecraft:worldgen/biome Sync: FROZEN -> ACTIVE
[07May2026 17:11:11.330] [modloading-worker-0/DEBUG] [net.minecraftforge.registries.ForgeRegistry/REGISTRIES]: Registry forge:entity_data_serializers Sync: FROZEN -> ACTIVE
[07May2026 17:11:11.330] [modloading-worker-0/DEBUG] [net.minecraftforge.registries.ForgeRegistry/REGISTRIES]: Registry forge:global_loot_modifier_serializers Sync: FROZEN -> ACTIVE
[07May2026 17:11:11.330] [modloading-worker-0/DEBUG] [net.minecraftforge.registries.ForgeRegistry/REGISTRIES]: Registry forge:biome_modifier_serializers Sync: FROZEN -> ACTIVE
[07May2026 17:11:11.330] [modloading-worker-0/DEBUG] [net.minecraftforge.registries.ForgeRegistry/REGISTRIES]: Registry forge:structure_modifier_serializers Sync: FROZEN -> ACTIVE
[07May2026 17:11:11.330] [modloading-worker-0/DEBUG] [net.minecraftforge.registries.ForgeRegistry/REGISTRIES]: Registry forge:fluid_type Sync: FROZEN -> ACTIVE
[07May2026 17:11:11.331] [modloading-worker-0/DEBUG] [net.minecraftforge.registries.ForgeRegistry/REGISTRIES]: Registry forge:holder_set_type Sync: FROZEN -> ACTIVE
[07May2026 17:11:11.331] [modloading-worker-0/DEBUG] [net.minecraftforge.registries.ForgeRegistry/REGISTRIES]: Registry forge:display_contexts Sync: FROZEN -> ACTIVE
[07May2026 17:11:11.331] [modloading-worker-0/DEBUG] [net.minecraftforge.registries.ForgeRegistry/REGISTRIES]: Registry forge:condition_codecs Sync: FROZEN -> ACTIVE
[07May2026 17:11:11.331] [modloading-worker-0/DEBUG] [net.minecraftforge.registries.ForgeRegistry/REGISTRIES]: Registry forge:ingredient_serializers Sync: FROZEN -> ACTIVE
[07May2026 17:11:12.030] [modloading-worker-0/DEBUG] [net.minecraftforge.registries.GameData/REGISTRIES]: All registries frozen
[07May2026 17:11:12.052] [Render thread/DEBUG] [net.minecraftforge.common.ForgeI18n/CORE]: Loading I18N data entries: 7609
[07May2026 17:11:12.129] [Render thread/INFO] [com.mojang.blaze3d.audio.Library/]: OpenAL initialized on device OpenAL Soft on Headphones (S58)
[07May2026 17:11:12.129] [Render thread/INFO] [net.minecraft.client.sounds.SoundEngine/SOUNDS]: Sound engine started
[07May2026 17:11:12.131] [Render thread/INFO] [net.minecraft.client.renderer.texture.TextureAtlas/]: Created: 512x256x0 minecraft:textures/atlas/particles.png-atlas
[07May2026 17:11:12.145] [Render thread/INFO] [net.minecraft.client.renderer.texture.TextureAtlas/]: Created: 128x128x0 minecraft:textures/atlas/decorated_pot.png-atlas
[07May2026 17:11:12.163] [Render thread/INFO] [net.minecraft.client.renderer.texture.TextureAtlas/]: Created: 2048x1024x0 minecraft:textures/atlas/armor_trims.png-atlas
[07May2026 17:11:12.192] [Render thread/INFO] [net.minecraft.client.renderer.texture.TextureAtlas/]: Created: 512x256x0 minecraft:textures/atlas/paintings.png-atlas
[07May2026 17:11:12.212] [Render thread/INFO] [net.minecraft.client.renderer.texture.TextureAtlas/]: Created: 1024x512x0 minecraft:textures/atlas/shield_patterns.png-atlas
[07May2026 17:11:12.217] [Render thread/INFO] [net.minecraft.client.renderer.texture.TextureAtlas/]: Created: 2048x2048x4 minecraft:textures/atlas/blocks.png-atlas
[07May2026 17:11:12.316] [Render thread/INFO] [net.minecraft.client.renderer.texture.TextureAtlas/]: Created: 512x512x0 minecraft:textures/atlas/chest.png-atlas
[07May2026 17:11:12.329] [Render thread/INFO] [net.minecraft.client.renderer.texture.TextureAtlas/]: Created: 256x128x0 minecraft:textures/atlas/celestials.png-atlas
[07May2026 17:11:12.330] [Render thread/INFO] [net.minecraft.client.renderer.texture.TextureAtlas/]: Created: 1024x512x0 minecraft:textures/atlas/banner_patterns.png-atlas
[07May2026 17:11:12.331] [Render thread/INFO] [net.minecraft.client.renderer.texture.TextureAtlas/]: Created: 512x512x0 minecraft:textures/atlas/beds.png-atlas
[07May2026 17:11:12.335] [Render thread/INFO] [net.minecraft.client.renderer.texture.TextureAtlas/]: Created: 1024x512x0 minecraft:textures/atlas/items.png-atlas
[07May2026 17:11:12.365] [Render thread/INFO] [net.minecraft.client.renderer.texture.TextureAtlas/]: Created: 1024x1024x0 minecraft:textures/atlas/gui.png-atlas
[07May2026 17:11:12.398] [Render thread/INFO] [net.minecraft.client.renderer.texture.TextureAtlas/]: Created: 128x64x0 minecraft:textures/atlas/map_decorations.png-atlas
[07May2026 17:11:12.409] [Render thread/INFO] [net.minecraft.client.renderer.texture.TextureAtlas/]: Created: 512x256x0 minecraft:textures/atlas/signs.png-atlas
[07May2026 17:11:12.410] [Render thread/INFO] [net.minecraft.client.renderer.texture.TextureAtlas/]: Created: 512x512x0 minecraft:textures/atlas/shulker_boxes.png-atlas
[07May2026 17:11:12.696] [IO-Worker-1/INFO] [com.mojang.realmsclient.client.RealmsClient/]: Could not authorize you against Realms server: java.lang.RuntimeException: Failed to parse into SignedJWT: 0
[07May2026 17:11:12.696] [IO-Worker-1/ERROR] [com.mojang.realmsclient.RealmsAvailability/]: Couldn't connect to realms
com.mojang.realmsclient.exception.RealmsServiceException: Realms authentication error with message 'java.lang.RuntimeException: Failed to parse into SignedJWT: 0'
	at TRANSFORMER/minecraft@1.21.11/com.mojang.realmsclient.client.RealmsClient.execute(RealmsClient.java:515) ~[forge-1.21.11-61.1.5_mapped_parchment_2025.10.12-1.21.10-recomp.jar%230!/:?]
	at TRANSFORMER/minecraft@1.21.11/com.mojang.realmsclient.client.RealmsClient.clientCompatible(RealmsClient.java:283) ~[forge-1.21.11-61.1.5_mapped_parchment_2025.10.12-1.21.10-recomp.jar%230!/:?]
	at TRANSFORMER/minecraft@1.21.11/com.mojang.realmsclient.RealmsAvailability.lambda$check$0(RealmsAvailability.java:50) ~[forge-1.21.11-61.1.5_mapped_parchment_2025.10.12-1.21.10-recomp.jar%230!/:?]
	at java.base/java.util.concurrent.CompletableFuture$AsyncSupply.run(CompletableFuture.java:1768) ~[?:?]
	at java.base/java.util.concurrent.ThreadPoolExecutor.runWorker(ThreadPoolExecutor.java:1144) ~[?:?]
	at java.base/java.util.concurrent.ThreadPoolExecutor$Worker.run(ThreadPoolExecutor.java:642) ~[?:?]
	at java.base/java.lang.Thread.run(Thread.java:1583) [?:?]
[07May2026 17:11:17.962] [Render thread/INFO] [net.minecraftforge.registries.GameData/REGISTRIES]: Injecting existing registry data into this CLIENT instance
[07May2026 17:11:18.001] [Render thread/DEBUG] [net.minecraftforge.registries.ForgeRegistry/REGISTRIES]: Registry minecraft:block Sync: ACTIVE -> STAGING
[07May2026 17:11:18.004] [Render thread/DEBUG] [net.minecraftforge.registries.ForgeRegistry/REGISTRIES]: Registry minecraft:fluid Sync: ACTIVE -> STAGING
[07May2026 17:11:18.004] [Render thread/DEBUG] [net.minecraftforge.registries.ForgeRegistry/REGISTRIES]: Registry minecraft:item Sync: ACTIVE -> STAGING
[07May2026 17:11:18.009] [Render thread/DEBUG] [net.minecraftforge.registries.ForgeRegistry/REGISTRIES]: Registry minecraft:mob_effect Sync: ACTIVE -> STAGING
[07May2026 17:11:18.009] [Render thread/DEBUG] [net.minecraftforge.registries.ForgeRegistry/REGISTRIES]: Registry minecraft:sound_event Sync: ACTIVE -> STAGING
[07May2026 17:11:18.014] [Render thread/DEBUG] [net.minecraftforge.registries.ForgeRegistry/REGISTRIES]: Registry minecraft:potion Sync: ACTIVE -> STAGING
[07May2026 17:11:18.014] [Render thread/DEBUG] [net.minecraftforge.registries.ForgeRegistry/REGISTRIES]: Registry minecraft:entity_type Sync: ACTIVE -> STAGING
[07May2026 17:11:18.014] [Render thread/DEBUG] [net.minecraftforge.registries.ForgeRegistry/REGISTRIES]: Registry minecraft:block_entity_type Sync: ACTIVE -> STAGING
[07May2026 17:11:18.014] [Render thread/DEBUG] [net.minecraftforge.registries.ForgeRegistry/REGISTRIES]: Registry minecraft:particle_type Sync: ACTIVE -> STAGING
[07May2026 17:11:18.015] [Render thread/DEBUG] [net.minecraftforge.registries.ForgeRegistry/REGISTRIES]: Registry minecraft:menu Sync: ACTIVE -> STAGING
[07May2026 17:11:18.015] [Render thread/DEBUG] [net.minecraftforge.registries.ForgeRegistry/REGISTRIES]: Registry minecraft:painting_variant Sync: ACTIVE -> STAGING
[07May2026 17:11:18.015] [Render thread/DEBUG] [net.minecraftforge.registries.ForgeRegistry/REGISTRIES]: Registry minecraft:recipe_type Sync: ACTIVE -> STAGING
[07May2026 17:11:18.015] [Render thread/DEBUG] [net.minecraftforge.registries.ForgeRegistry/REGISTRIES]: Registry minecraft:recipe_serializer Sync: ACTIVE -> STAGING
[07May2026 17:11:18.015] [Render thread/DEBUG] [net.minecraftforge.registries.ForgeRegistry/REGISTRIES]: Registry minecraft:attribute Sync: ACTIVE -> STAGING
[07May2026 17:11:18.015] [Render thread/DEBUG] [net.minecraftforge.registries.ForgeRegistry/REGISTRIES]: Registry minecraft:stat_type Sync: ACTIVE -> STAGING
[07May2026 17:11:18.015] [Render thread/DEBUG] [net.minecraftforge.registries.ForgeRegistry/REGISTRIES]: Registry minecraft:command_argument_type Sync: ACTIVE -> STAGING
[07May2026 17:11:18.015] [Render thread/DEBUG] [net.minecraftforge.registries.ForgeRegistry/REGISTRIES]: Registry minecraft:data_component_type Sync: ACTIVE -> STAGING
[07May2026 17:11:18.015] [Render thread/DEBUG] [net.minecraftforge.registries.ForgeRegistry/REGISTRIES]: Registry minecraft:villager_profession Sync: ACTIVE -> STAGING
[07May2026 17:11:18.016] [Render thread/DEBUG] [net.minecraftforge.registries.ForgeRegistry/REGISTRIES]: Registry minecraft:point_of_interest_type Sync: ACTIVE -> STAGING
[07May2026 17:11:18.018] [Render thread/DEBUG] [net.minecraftforge.registries.ForgeRegistry/REGISTRIES]: Registry minecraft:memory_module_type Sync: ACTIVE -> STAGING
[07May2026 17:11:18.018] [Render thread/DEBUG] [net.minecraftforge.registries.ForgeRegistry/REGISTRIES]: Registry minecraft:sensor_type Sync: ACTIVE -> STAGING
[07May2026 17:11:18.018] [Render thread/DEBUG] [net.minecraftforge.registries.ForgeRegistry/REGISTRIES]: Registry minecraft:activity Sync: ACTIVE -> STAGING
[07May2026 17:11:18.018] [Render thread/DEBUG] [net.minecraftforge.registries.ForgeRegistry/REGISTRIES]: Registry minecraft:worldgen/carver Sync: ACTIVE -> STAGING
[07May2026 17:11:18.018] [Render thread/DEBUG] [net.minecraftforge.registries.ForgeRegistry/REGISTRIES]: Registry minecraft:worldgen/feature Sync: ACTIVE -> STAGING
[07May2026 17:11:18.018] [Render thread/DEBUG] [net.minecraftforge.registries.ForgeRegistry/REGISTRIES]: Registry minecraft:chunk_status Sync: ACTIVE -> STAGING
[07May2026 17:11:18.018] [Render thread/DEBUG] [net.minecraftforge.registries.ForgeRegistry/REGISTRIES]: Registry minecraft:worldgen/block_state_provider_type Sync: ACTIVE -> STAGING
[07May2026 17:11:18.018] [Render thread/DEBUG] [net.minecraftforge.registries.ForgeRegistry/REGISTRIES]: Registry minecraft:worldgen/foliage_placer_type Sync: ACTIVE -> STAGING
[07May2026 17:11:18.018] [Render thread/DEBUG] [net.minecraftforge.registries.ForgeRegistry/REGISTRIES]: Registry minecraft:worldgen/tree_decorator_type Sync: ACTIVE -> STAGING
[07May2026 17:11:18.018] [Render thread/DEBUG] [net.minecraftforge.registries.ForgeRegistry/REGISTRIES]: Registry minecraft:worldgen/biome Sync: ACTIVE -> STAGING
[07May2026 17:11:18.018] [Render thread/DEBUG] [net.minecraftforge.registries.ForgeRegistry/REGISTRIES]: Registry forge:entity_data_serializers Sync: ACTIVE -> STAGING
[07May2026 17:11:18.018] [Render thread/DEBUG] [net.minecraftforge.registries.ForgeRegistry/REGISTRIES]: Registry forge:global_loot_modifier_serializers Sync: ACTIVE -> STAGING
[07May2026 17:11:18.018] [Render thread/DEBUG] [net.minecraftforge.registries.ForgeRegistry/REGISTRIES]: Registry forge:biome_modifier_serializers Sync: ACTIVE -> STAGING
[07May2026 17:11:18.018] [Render thread/DEBUG] [net.minecraftforge.registries.ForgeRegistry/REGISTRIES]: Registry forge:structure_modifier_serializers Sync: ACTIVE -> STAGING
[07May2026 17:11:18.019] [Render thread/DEBUG] [net.minecraftforge.registries.ForgeRegistry/REGISTRIES]: Registry forge:fluid_type Sync: ACTIVE -> STAGING
[07May2026 17:11:18.019] [Render thread/DEBUG] [net.minecraftforge.registries.ForgeRegistry/REGISTRIES]: Registry forge:holder_set_type Sync: ACTIVE -> STAGING
[07May2026 17:11:18.019] [Render thread/DEBUG] [net.minecraftforge.registries.ForgeRegistry/REGISTRIES]: Registry forge:display_contexts Sync: ACTIVE -> STAGING
[07May2026 17:11:18.019] [Render thread/DEBUG] [net.minecraftforge.registries.ForgeRegistry/REGISTRIES]: Registry forge:condition_codecs Sync: ACTIVE -> STAGING
[07May2026 17:11:18.019] [Render thread/DEBUG] [net.minecraftforge.registries.ForgeRegistry/REGISTRIES]: Registry forge:ingredient_serializers Sync: ACTIVE -> STAGING
[07May2026 17:11:18.314] [Render thread/DEBUG] [net.minecraftforge.registries.ObjectHolderRegistry/REGISTRIES]: Applying holder lookups
[07May2026 17:11:18.314] [Render thread/DEBUG] [net.minecraftforge.registries.ObjectHolderRegistry/REGISTRIES]: Holder lookups applied
[07May2026 17:11:18.324] [Render thread/DEBUG] [net.minecraftforge.resource.ResourcePackLoader/CORE]: Generating PackInfo named mod:compacttools73 for mod file E:\IMPORTANT\Files\Coding\Projects\Minecraft Mods\Mods\CompactToolsNew\Forge\1.21.11\build\sourcesSets\main
[07May2026 17:11:18.324] [Render thread/DEBUG] [net.minecraftforge.resource.ResourcePackLoader/CORE]: Generating PackInfo named mod:forge for mod file /
[07May2026 17:11:19.099] [Worker-Main-3/DEBUG] [net.minecraftforge.forge.transformers.MethodRedirector/]: Redirecting method call finalizeSpawn(Lnet/minecraft/world/level/ServerLevelAccessor;Lnet/minecraft/world/DifficultyInstance;Lnet/minecraft/world/entity/EntitySpawnReason;Lnet/minecraft/world/entity/SpawnGroupData;)Lnet/minecraft/world/entity/SpawnGroupData; to onFinalizeSpawn(Lnet/minecraft/world/entity/Mob;Lnet/minecraft/world/level/ServerLevelAccessor;Lnet/minecraft/world/DifficultyInstance;Lnet/minecraft/world/entity/EntitySpawnReason;Lnet/minecraft/world/entity/SpawnGroupData;)Lnet/minecraft/world/entity/SpawnGroupData; inside of net/minecraft/server/commands/SummonCommand.createEntity
[07May2026 17:11:19.154] [Worker-Main-3/DEBUG] [net.minecraftforge.forge.transformers.MethodRedirector/]: Redirecting method call finalizeSpawn(Lnet/minecraft/world/level/ServerLevelAccessor;Lnet/minecraft/world/DifficultyInstance;Lnet/minecraft/world/entity/EntitySpawnReason;Lnet/minecraft/world/entity/SpawnGroupData;)Lnet/minecraft/world/entity/SpawnGroupData; to onFinalizeSpawn(Lnet/minecraft/world/entity/Mob;Lnet/minecraft/world/level/ServerLevelAccessor;Lnet/minecraft/world/DifficultyInstance;Lnet/minecraft/world/entity/EntitySpawnReason;Lnet/minecraft/world/entity/SpawnGroupData;)Lnet/minecraft/world/entity/SpawnGroupData; inside of net/minecraft/server/commands/RaidCommand.spawnLeader
[07May2026 17:11:19.361] [Render thread/INFO] [net.minecraft.world.item.crafting.RecipeManager/]: Loaded 1477 recipes
[07May2026 17:11:19.372] [Render thread/INFO] [net.minecraft.advancements.AdvancementTree/]: Loaded 1584 advancements
[07May2026 17:11:19.416] [Render thread/DEBUG] [net.minecraftforge.common.ForgeHooks/WP]: Gathering id map for writing to world save New World
[07May2026 17:11:19.430] [Render thread/DEBUG] [net.minecraftforge.common.ForgeHooks/WP]: ID Map collection complete New World
[07May2026 17:11:19.500] [Server thread/INFO] [net.minecraft.client.server.IntegratedServer/]: Starting integrated minecraft server version 1.21.11
[07May2026 17:11:19.500] [Server thread/INFO] [net.minecraft.server.MinecraftServer/]: Generating keypair
[07May2026 17:11:19.545] [Server thread/DEBUG] [net.minecraftforge.fml.config.ConfigTracker/CONFIG]: Loading configs type SERVER
[07May2026 17:11:19.545] [Server thread/DEBUG] [net.minecraftforge.fml.config.ConfigFileTypeHandler/CONFIG]: Built TOML config for .\saves\New World\serverconfig\forge-server.toml
[07May2026 17:11:19.546] [Server thread/DEBUG] [net.minecraftforge.fml.config.ConfigFileTypeHandler/CONFIG]: Loaded TOML config file .\saves\New World\serverconfig\forge-server.toml
[07May2026 17:11:19.546] [Server thread/DEBUG] [net.minecraftforge.fml.config.ConfigFileTypeHandler/CONFIG]: Starting watcher for handler: ConfigFileTypeHandler[SERVER]
[07May2026 17:11:19.548] [Server thread/DEBUG] [net.minecraftforge.fml.config.ConfigFileTypeHandler/CONFIG]: Watching TOML config file .\saves\New World\serverconfig\forge-server.toml for changes
[07May2026 17:11:19.548] [Server thread/DEBUG] [net.minecraftforge.common.ForgeConfig/FORGEMOD]: Loaded forge config file forge-server.toml
[07May2026 17:11:19.568] [Server thread/DEBUG] [net.minecraftforge.forge.transformers.MethodRedirector/]: Redirecting method call finalizeSpawn(Lnet/minecraft/world/level/ServerLevelAccessor;Lnet/minecraft/world/DifficultyInstance;Lnet/minecraft/world/entity/EntitySpawnReason;Lnet/minecraft/world/entity/SpawnGroupData;)Lnet/minecraft/world/entity/SpawnGroupData; to onFinalizeSpawn(Lnet/minecraft/world/entity/Mob;Lnet/minecraft/world/level/ServerLevelAccessor;Lnet/minecraft/world/DifficultyInstance;Lnet/minecraft/world/entity/EntitySpawnReason;Lnet/minecraft/world/entity/SpawnGroupData;)Lnet/minecraft/world/entity/SpawnGroupData; inside of net/minecraft/world/level/levelgen/PhantomSpawner.tick
[07May2026 17:11:19.569] [Server thread/DEBUG] [net.minecraftforge.forge.transformers.MethodRedirector/]: Redirecting method call finalizeSpawn(Lnet/minecraft/world/level/ServerLevelAccessor;Lnet/minecraft/world/DifficultyInstance;Lnet/minecraft/world/entity/EntitySpawnReason;Lnet/minecraft/world/entity/SpawnGroupData;)Lnet/minecraft/world/entity/SpawnGroupData; to onFinalizeSpawn(Lnet/minecraft/world/entity/Mob;Lnet/minecraft/world/level/ServerLevelAccessor;Lnet/minecraft/world/DifficultyInstance;Lnet/minecraft/world/entity/EntitySpawnReason;Lnet/minecraft/world/entity/SpawnGroupData;)Lnet/minecraft/world/entity/SpawnGroupData; inside of net/minecraft/world/level/levelgen/PatrolSpawner.spawnPatrolMember
[07May2026 17:11:19.571] [Server thread/DEBUG] [net.minecraftforge.forge.transformers.MethodRedirector/]: Redirecting method call finalizeSpawn(Lnet/minecraft/world/level/ServerLevelAccessor;Lnet/minecraft/world/DifficultyInstance;Lnet/minecraft/world/entity/EntitySpawnReason;Lnet/minecraft/world/entity/SpawnGroupData;)Lnet/minecraft/world/entity/SpawnGroupData; to onFinalizeSpawn(Lnet/minecraft/world/entity/Mob;Lnet/minecraft/world/level/ServerLevelAccessor;Lnet/minecraft/world/DifficultyInstance;Lnet/minecraft/world/entity/EntitySpawnReason;Lnet/minecraft/world/entity/SpawnGroupData;)Lnet/minecraft/world/entity/SpawnGroupData; inside of net/minecraft/world/entity/npc/CatSpawner.spawnCat
[07May2026 17:11:19.572] [Server thread/DEBUG] [net.minecraftforge.forge.transformers.MethodRedirector/]: Redirecting method call finalizeSpawn(Lnet/minecraft/world/level/ServerLevelAccessor;Lnet/minecraft/world/DifficultyInstance;Lnet/minecraft/world/entity/EntitySpawnReason;Lnet/minecraft/world/entity/SpawnGroupData;)Lnet/minecraft/world/entity/SpawnGroupData; to onFinalizeSpawn(Lnet/minecraft/world/entity/Mob;Lnet/minecraft/world/level/ServerLevelAccessor;Lnet/minecraft/world/DifficultyInstance;Lnet/minecraft/world/entity/EntitySpawnReason;Lnet/minecraft/world/entity/SpawnGroupData;)Lnet/minecraft/world/entity/SpawnGroupData; inside of net/minecraft/world/entity/ai/village/VillageSiege.trySpawn
[07May2026 17:11:19.714] [Server thread/DEBUG] [net.minecraftforge.forge.transformers.MethodRedirector/]: Redirecting method call finalizeSpawn(Lnet/minecraft/world/level/ServerLevelAccessor;Lnet/minecraft/world/DifficultyInstance;Lnet/minecraft/world/entity/EntitySpawnReason;Lnet/minecraft/world/entity/SpawnGroupData;)Lnet/minecraft/world/entity/SpawnGroupData; to onFinalizeSpawn(Lnet/minecraft/world/entity/Mob;Lnet/minecraft/world/level/ServerLevelAccessor;Lnet/minecraft/world/DifficultyInstance;Lnet/minecraft/world/entity/EntitySpawnReason;Lnet/minecraft/world/entity/SpawnGroupData;)Lnet/minecraft/world/entity/SpawnGroupData; inside of net/minecraft/world/entity/raid/Raid.joinRaid
[07May2026 17:11:19.836] [Server thread/INFO] [net.minecraft.server.level.progress.LoggingLevelLoadListener/]: Loading 0 persistent chunks...
[07May2026 17:11:19.849] [Server thread/INFO] [net.minecraftforge.server.permission.PermissionAPI/]: Successfully initialized permission handler forge:default_handler
[07May2026 17:11:19.882] [Server thread/DEBUG] [io.netty.util.internal.PlatformDependent0/]: Java version: 21
[07May2026 17:11:19.882] [Server thread/DEBUG] [io.netty.util.internal.PlatformDependent0/]: -Dio.netty.noUnsafe: false
[07May2026 17:11:19.883] [Server thread/DEBUG] [io.netty.util.internal.PlatformDependent0/]: sun.misc.Unsafe.theUnsafe: available
[07May2026 17:11:19.883] [Server thread/DEBUG] [io.netty.util.internal.PlatformDependent0/]: sun.misc.Unsafe base methods: all available
[07May2026 17:11:19.883] [Server thread/DEBUG] [io.netty.util.internal.PlatformDependent0/]: java.nio.Buffer.address: available
[07May2026 17:11:19.884] [Server thread/DEBUG] [io.netty.util.internal.PlatformDependent0/]: direct buffer constructor: unavailable
java.lang.UnsupportedOperationException: Reflective setAccessible(true) disabled
	at SECURE-BOOTSTRAP/io.netty.common@4.2.7.Final/io.netty.util.internal.ReflectionUtil.trySetAccessible(ReflectionUtil.java:36) ~[netty-common-4.2.7.Final.jar:4.2.7.Final]
	at SECURE-BOOTSTRAP/io.netty.common@4.2.7.Final/io.netty.util.internal.PlatformDependent0$4.run(PlatformDependent0.java:290) ~[netty-common-4.2.7.Final.jar:4.2.7.Final]
	at java.base/java.security.AccessController.doPrivileged(AccessController.java:319) ~[?:?]
	at SECURE-BOOTSTRAP/io.netty.common@4.2.7.Final/io.netty.util.internal.PlatformDependent0.<clinit>(PlatformDependent0.java:282) ~[netty-common-4.2.7.Final.jar:4.2.7.Final]
	at SECURE-BOOTSTRAP/io.netty.common@4.2.7.Final/io.netty.util.internal.PlatformDependent.isAndroid(PlatformDependent.java:385) ~[netty-common-4.2.7.Final.jar:4.2.7.Final]
	at SECURE-BOOTSTRAP/io.netty.common@4.2.7.Final/io.netty.util.internal.PlatformDependent.<clinit>(PlatformDependent.java:94) ~[netty-common-4.2.7.Final.jar:4.2.7.Final]
	at SECURE-BOOTSTRAP/io.netty.buffer@4.2.7.Final/io.netty.buffer.UnpooledByteBufAllocator.<clinit>(UnpooledByteBufAllocator.java:38) ~[netty-buffer-4.2.7.Final.jar:4.2.7.Final]
	at SECURE-BOOTSTRAP/io.netty.buffer@4.2.7.Final/io.netty.buffer.Unpooled.<clinit>(Unpooled.java:75) ~[netty-buffer-4.2.7.Final.jar:4.2.7.Final]
	at TRANSFORMER/net.minecraftforge.forge@61.1.5/net.minecraftforge.network.ServerStatusPing.toBuf(ServerStatusPing.java:156) ~[forge-1.21.11-61.1.5_mapped_parchment_2025.10.12-1.21.10-recomp.jar:?]
	at TRANSFORMER/net.minecraftforge.forge@61.1.5/net.minecraftforge.network.ServerStatusPing.lambda$static$0(ServerStatusPing.java:88) ~[forge-1.21.11-61.1.5_mapped_parchment_2025.10.12-1.21.10-recomp.jar:?]
	at SECURE-BOOTSTRAP/datafixerupper@9.0.19/com.mojang.serialization.codecs.RecordCodecBuilder$Instance.lambda$ap2$4(RecordCodecBuilder.java:217) ~[datafixerupper-9.0.19.jar!/:?]
	at SECURE-BOOTSTRAP/datafixerupper@9.0.19/com.mojang.serialization.codecs.RecordCodecBuilder$Instance.lambda$ap3$6(RecordCodecBuilder.java:284) ~[datafixerupper-9.0.19.jar!/:?]
	at SECURE-BOOTSTRAP/datafixerupper@9.0.19/com.mojang.serialization.codecs.RecordCodecBuilder$2.encode(RecordCodecBuilder.java:112) ~[datafixerupper-9.0.19.jar!/:?]
	at SECURE-BOOTSTRAP/datafixerupper@9.0.19/com.mojang.serialization.MapCodec$MapCodecCodec.encode(MapCodec.java:164) ~[datafixerupper-9.0.19.jar!/:?]
	at SECURE-BOOTSTRAP/datafixerupper@9.0.19/com.mojang.serialization.Encoder.encodeStart(Encoder.java:14) ~[datafixerupper-9.0.19.jar!/:?]
	at SECURE-BOOTSTRAP/datafixerupper@9.0.19/com.mojang.serialization.codecs.OptionalFieldCodec.encode(OptionalFieldCodec.java:44) ~[datafixerupper-9.0.19.jar!/:?]
	at SECURE-BOOTSTRAP/datafixerupper@9.0.19/com.mojang.serialization.codecs.OptionalFieldCodec.encode(OptionalFieldCodec.java:17) ~[datafixerupper-9.0.19.jar!/:?]
	at SECURE-BOOTSTRAP/datafixerupper@9.0.19/com.mojang.serialization.codecs.RecordCodecBuilder$Instance$6.encode(RecordCodecBuilder.java:298) ~[datafixerupper-9.0.19.jar!/:?]
	at SECURE-BOOTSTRAP/datafixerupper@9.0.19/com.mojang.serialization.codecs.RecordCodecBuilder$2.encode(RecordCodecBuilder.java:112) ~[datafixerupper-9.0.19.jar!/:?]
	at SECURE-BOOTSTRAP/datafixerupper@9.0.19/com.mojang.serialization.MapCodec$MapCodecCodec.encode(MapCodec.java:164) ~[datafixerupper-9.0.19.jar!/:?]
	at SECURE-BOOTSTRAP/datafixerupper@9.0.19/com.mojang.serialization.Encoder.encodeStart(Encoder.java:14) ~[datafixerupper-9.0.19.jar!/:?]
	at TRANSFORMER/minecraft@1.21.11/net.minecraft.server.MinecraftServer.resetStatusCache(MinecraftServer.java:2202) ~[forge-1.21.11-61.1.5_mapped_parchment_2025.10.12-1.21.10-recomp.jar%230!/:?]
	at TRANSFORMER/minecraft@1.21.11/net.minecraft.server.MinecraftServer.runServer(MinecraftServer.java:734) ~[forge-1.21.11-61.1.5_mapped_parchment_2025.10.12-1.21.10-recomp.jar%230!/:?]
	at TRANSFORMER/minecraft@1.21.11/net.minecraft.server.MinecraftServer.lambda$spin$2(MinecraftServer.java:287) ~[forge-1.21.11-61.1.5_mapped_parchment_2025.10.12-1.21.10-recomp.jar%230!/:?]
	at java.base/java.lang.Thread.run(Thread.java:1583) [?:?]
[07May2026 17:11:19.895] [Server thread/DEBUG] [io.netty.util.internal.PlatformDependent0/]: java.nio.Bits.unaligned: available, true
[07May2026 17:11:19.896] [Server thread/DEBUG] [io.netty.util.internal.PlatformDependent0/]: jdk.internal.misc.Unsafe.allocateUninitializedArray(int): unavailable
java.lang.IllegalAccessException: symbolic reference class is not accessible: class jdk.internal.misc.Unsafe, from class io.netty.util.internal.PlatformDependent0 (module io.netty.common)
	at java.base/java.lang.invoke.MemberName.makeAccessException(MemberName.java:894) ~[?:?]
	at java.base/java.lang.invoke.MethodHandles$Lookup.checkSymbolicClass(MethodHandles.java:3787) ~[?:?]
	at java.base/java.lang.invoke.MethodHandles$Lookup.resolveOrFail(MethodHandles.java:3747) ~[?:?]
	at java.base/java.lang.invoke.MethodHandles$Lookup.findStatic(MethodHandles.java:2675) ~[?:?]
	at SECURE-BOOTSTRAP/io.netty.common@4.2.7.Final/io.netty.util.internal.PlatformDependent0$6.run(PlatformDependent0.java:414) ~[netty-common-4.2.7.Final.jar:4.2.7.Final]
	at java.base/java.security.AccessController.doPrivileged(AccessController.java:319) ~[?:?]
	at SECURE-BOOTSTRAP/io.netty.common@4.2.7.Final/io.netty.util.internal.PlatformDependent0.<clinit>(PlatformDependent0.java:406) ~[netty-common-4.2.7.Final.jar:4.2.7.Final]
	at SECURE-BOOTSTRAP/io.netty.common@4.2.7.Final/io.netty.util.internal.PlatformDependent.isAndroid(PlatformDependent.java:385) ~[netty-common-4.2.7.Final.jar:4.2.7.Final]
	at SECURE-BOOTSTRAP/io.netty.common@4.2.7.Final/io.netty.util.internal.PlatformDependent.<clinit>(PlatformDependent.java:94) ~[netty-common-4.2.7.Final.jar:4.2.7.Final]
	at SECURE-BOOTSTRAP/io.netty.buffer@4.2.7.Final/io.netty.buffer.UnpooledByteBufAllocator.<clinit>(UnpooledByteBufAllocator.java:38) ~[netty-buffer-4.2.7.Final.jar:4.2.7.Final]
	at SECURE-BOOTSTRAP/io.netty.buffer@4.2.7.Final/io.netty.buffer.Unpooled.<clinit>(Unpooled.java:75) ~[netty-buffer-4.2.7.Final.jar:4.2.7.Final]
	at TRANSFORMER/net.minecraftforge.forge@61.1.5/net.minecraftforge.network.ServerStatusPing.toBuf(ServerStatusPing.java:156) ~[forge-1.21.11-61.1.5_mapped_parchment_2025.10.12-1.21.10-recomp.jar:?]
	at TRANSFORMER/net.minecraftforge.forge@61.1.5/net.minecraftforge.network.ServerStatusPing.lambda$static$0(ServerStatusPing.java:88) ~[forge-1.21.11-61.1.5_mapped_parchment_2025.10.12-1.21.10-recomp.jar:?]
	at SECURE-BOOTSTRAP/datafixerupper@9.0.19/com.mojang.serialization.codecs.RecordCodecBuilder$Instance.lambda$ap2$4(RecordCodecBuilder.java:217) ~[datafixerupper-9.0.19.jar!/:?]
	at SECURE-BOOTSTRAP/datafixerupper@9.0.19/com.mojang.serialization.codecs.RecordCodecBuilder$Instance.lambda$ap3$6(RecordCodecBuilder.java:284) ~[datafixerupper-9.0.19.jar!/:?]
	at SECURE-BOOTSTRAP/datafixerupper@9.0.19/com.mojang.serialization.codecs.RecordCodecBuilder$2.encode(RecordCodecBuilder.java:112) ~[datafixerupper-9.0.19.jar!/:?]
	at SECURE-BOOTSTRAP/datafixerupper@9.0.19/com.mojang.serialization.MapCodec$MapCodecCodec.encode(MapCodec.java:164) ~[datafixerupper-9.0.19.jar!/:?]
	at SECURE-BOOTSTRAP/datafixerupper@9.0.19/com.mojang.serialization.Encoder.encodeStart(Encoder.java:14) ~[datafixerupper-9.0.19.jar!/:?]
	at SECURE-BOOTSTRAP/datafixerupper@9.0.19/com.mojang.serialization.codecs.OptionalFieldCodec.encode(OptionalFieldCodec.java:44) ~[datafixerupper-9.0.19.jar!/:?]
	at SECURE-BOOTSTRAP/datafixerupper@9.0.19/com.mojang.serialization.codecs.OptionalFieldCodec.encode(OptionalFieldCodec.java:17) ~[datafixerupper-9.0.19.jar!/:?]
	at SECURE-BOOTSTRAP/datafixerupper@9.0.19/com.mojang.serialization.codecs.RecordCodecBuilder$Instance$6.encode(RecordCodecBuilder.java:298) ~[datafixerupper-9.0.19.jar!/:?]
	at SECURE-BOOTSTRAP/datafixerupper@9.0.19/com.mojang.serialization.codecs.RecordCodecBuilder$2.encode(RecordCodecBuilder.java:112) ~[datafixerupper-9.0.19.jar!/:?]
	at SECURE-BOOTSTRAP/datafixerupper@9.0.19/com.mojang.serialization.MapCodec$MapCodecCodec.encode(MapCodec.java:164) ~[datafixerupper-9.0.19.jar!/:?]
	at SECURE-BOOTSTRAP/datafixerupper@9.0.19/com.mojang.serialization.Encoder.encodeStart(Encoder.java:14) ~[datafixerupper-9.0.19.jar!/:?]
	at TRANSFORMER/minecraft@1.21.11/net.minecraft.server.MinecraftServer.resetStatusCache(MinecraftServer.java:2202) ~[forge-1.21.11-61.1.5_mapped_parchment_2025.10.12-1.21.10-recomp.jar%230!/:?]
	at TRANSFORMER/minecraft@1.21.11/net.minecraft.server.MinecraftServer.runServer(MinecraftServer.java:734) ~[forge-1.21.11-61.1.5_mapped_parchment_2025.10.12-1.21.10-recomp.jar%230!/:?]
	at TRANSFORMER/minecraft@1.21.11/net.minecraft.server.MinecraftServer.lambda$spin$2(MinecraftServer.java:287) ~[forge-1.21.11-61.1.5_mapped_parchment_2025.10.12-1.21.10-recomp.jar%230!/:?]
	at java.base/java.lang.Thread.run(Thread.java:1583) [?:?]
[07May2026 17:11:19.905] [Server thread/DEBUG] [io.netty.util.internal.PlatformDependent0/]: java.nio.DirectByteBuffer.<init>(long, {int,long}): unavailable
[07May2026 17:11:19.905] [Server thread/DEBUG] [io.netty.util.internal.PlatformDependent/]: sun.misc.Unsafe: available
[07May2026 17:11:19.906] [Server thread/DEBUG] [io.netty.util.internal.PlatformDependent/]: -Dio.netty.tmpdir: C:\Users\jakeb\AppData\Local\Temp (java.io.tmpdir)
[07May2026 17:11:19.906] [Server thread/DEBUG] [io.netty.util.internal.PlatformDependent/]: -Dio.netty.bitMode: 64 (sun.arch.data.model)
[07May2026 17:11:19.906] [Server thread/DEBUG] [io.netty.util.internal.PlatformDependent/]: Platform: Windows
[07May2026 17:11:19.906] [Server thread/DEBUG] [io.netty.util.internal.PlatformDependent/]: -Dio.netty.maxDirectMemory: -1 bytes
[07May2026 17:11:19.908] [Server thread/DEBUG] [io.netty.util.internal.CleanerJava9/]: java.nio.ByteBuffer.cleaner(): available
[07May2026 17:11:19.908] [Server thread/DEBUG] [io.netty.util.internal.PlatformDependent/]: -Dio.netty.noPreferDirect: false
[07May2026 17:11:19.908] [Server thread/DEBUG] [io.netty.util.internal.PlatformDependent/]: -Dio.netty.jfr.enabled: true
[07May2026 17:11:19.914] [Server thread/DEBUG] [io.netty.buffer.AbstractByteBuf/]: -Dio.netty.buffer.checkAccessible: true
[07May2026 17:11:19.914] [Server thread/DEBUG] [io.netty.buffer.AbstractByteBuf/]: -Dio.netty.buffer.checkBounds: true
[07May2026 17:11:19.915] [Server thread/DEBUG] [io.netty.util.ResourceLeakDetectorFactory/]: Loaded default ResourceLeakDetector: io.netty.util.ResourceLeakDetector@25512a47
[07May2026 17:11:19.920] [Server thread/DEBUG] [io.netty.util.internal.InternalThreadLocalMap/]: -Dio.netty.threadLocalMap.stringBuilder.initialSize: 1024
[07May2026 17:11:19.921] [Server thread/DEBUG] [io.netty.util.internal.InternalThreadLocalMap/]: -Dio.netty.threadLocalMap.stringBuilder.maxSize: 4096
[07May2026 17:11:19.922] [Server thread/DEBUG] [io.netty.buffer.AdaptiveByteBufAllocator/]: -Dio.netty.allocator.useCachedMagazinesForNonEventLoopThreads: false
[07May2026 17:11:19.931] [Server thread/DEBUG] [io.netty.util.Recycler/]: -Dio.netty.recycler.maxCapacityPerThread: 4096
[07May2026 17:11:19.931] [Server thread/DEBUG] [io.netty.util.Recycler/]: -Dio.netty.recycler.ratio: 8
[07May2026 17:11:19.931] [Server thread/DEBUG] [io.netty.util.Recycler/]: -Dio.netty.recycler.chunkSize: 32
[07May2026 17:11:19.931] [Server thread/DEBUG] [io.netty.util.Recycler/]: -Dio.netty.recycler.blocking: false
[07May2026 17:11:19.931] [Server thread/DEBUG] [io.netty.util.Recycler/]: -Dio.netty.recycler.batchFastThreadLocalOnly: true
[07May2026 17:11:19.936] [Server thread/DEBUG] [io.netty.buffer.ByteBufUtil/]: -Dio.netty.allocator.type: adaptive
[07May2026 17:11:19.936] [Server thread/DEBUG] [io.netty.buffer.ByteBufUtil/]: -Dio.netty.threadLocalDirectBufferSize: 0
[07May2026 17:11:19.936] [Server thread/DEBUG] [io.netty.buffer.ByteBufUtil/]: -Dio.netty.maxThreadLocalCharBufferSize: 16384
[07May2026 17:11:19.969] [Render thread/DEBUG] [io.netty.channel.MultithreadEventLoopGroup/]: -Dio.netty.eventLoopThreads: 32
[07May2026 17:11:19.976] [Render thread/DEBUG] [io.netty.util.concurrent.GlobalEventExecutor/]: -Dio.netty.globalEventExecutor.quietPeriodSeconds: 1
[07May2026 17:11:19.984] [Render thread/DEBUG] [io.netty.util.internal.PlatformDependent/]: org.jctools-core.MpscChunkedArrayQueue: available
[07May2026 17:11:19.992] [Render thread/DEBUG] [io.netty.channel.DefaultChannelId/]: -Dio.netty.processId: 79092 (auto-detected)
[07May2026 17:11:19.994] [Render thread/DEBUG] [io.netty.util.NetUtil/]: -Djava.net.preferIPv4Stack: false
[07May2026 17:11:19.994] [Render thread/DEBUG] [io.netty.util.NetUtil/]: -Djava.net.preferIPv6Addresses: system
[07May2026 17:11:20.013] [Render thread/DEBUG] [io.netty.util.NetUtilInitializations/]: Loopback interface: loopback_0 (Software Loopback Interface 1, 0:0:0:0:0:0:0:1)
[07May2026 17:11:20.014] [Render thread/DEBUG] [io.netty.util.NetUtil/]: Failed to get SOMAXCONN from sysctl and file \proc\sys\net\core\somaxconn. Default: 200
[07May2026 17:11:20.016] [Render thread/DEBUG] [io.netty.channel.DefaultChannelId/]: -Dio.netty.machineId: 00:1a:7d:ff:fe:da:71:13 (auto-detected)
[07May2026 17:11:20.027] [Render thread/DEBUG] [io.netty.bootstrap.ChannelInitializerExtensions/]: -Dio.netty.bootstrap.extensions: null
[07May2026 17:11:20.052] [pool-10-thread-1/DEBUG] [net.minecraftforge.fml.config.ConfigFileTypeHandler/CONFIG]: Config file forge-server.toml changed, sending notifies
[07May2026 17:11:20.052] [pool-10-thread-1/DEBUG] [net.minecraftforge.common.ForgeConfig/FORGEMOD]: Forge config just got changed on the file system!
[07May2026 17:11:20.061] [Netty Local Client IO #0/DEBUG] [net.minecraftforge.network.filters.NetworkFilters/]: Injected net.minecraftforge.network.filters.VanillaConnectionNetworkFilter@716a6b45 into net.minecraft.network.Connection@468123dc
[07May2026 17:11:20.144] [Netty Local Client IO #0/DEBUG] [net.minecraftforge.network.ForgePacketHandler/FORGE_PACKET_HANDLER]: Received server connection with modlist [compacttools73, forge, minecraft]
[07May2026 17:11:20.145] [Netty Local Client IO #0/DEBUG] [net.minecraftforge.network.ForgePacketHandler/FORGE_PACKET_HANDLER]: Accepted server connection
[07May2026 17:11:20.145] [Netty Local Server IO #1/DEBUG] [net.minecraftforge.network.ForgePacketHandler/FORGE_PACKET_HANDLER]: Received client connection with modlist [compacttools73, forge, minecraft]
[07May2026 17:11:20.147] [Netty Local Client IO #0/DEBUG] [net.minecraftforge.network.ForgePacketHandler/FORGE_PACKET_HANDLER]: Received server connection with channels [forge:channel_registration, forge:handshake, forge:login]
[07May2026 17:11:20.152] [Netty Local Client IO #0/DEBUG] [net.minecraftforge.network.NetworkRegistry/NETREGISTRY]: Channel 'forge:handshake' : Version test of 'PRESENT 0' from server : ACCEPTED
[07May2026 17:11:20.152] [Netty Local Client IO #0/DEBUG] [net.minecraftforge.network.NetworkRegistry/NETREGISTRY]: Channel 'forge:login' : Version test of 'PRESENT 0' from server : ACCEPTED
[07May2026 17:11:20.152] [Netty Local Client IO #0/DEBUG] [net.minecraftforge.network.NetworkRegistry/NETREGISTRY]: Channel 'forge:channel_registration' : Version test of 'PRESENT 0' from server : ACCEPTED
[07May2026 17:11:20.152] [Netty Local Client IO #0/DEBUG] [net.minecraftforge.network.NetworkRegistry/NETREGISTRY]: Accepting channel list from server
[07May2026 17:11:20.152] [Netty Local Server IO #1/DEBUG] [net.minecraftforge.network.ForgePacketHandler/FORGE_PACKET_HANDLER]: Received client connection with channels [forge:channel_registration, forge:handshake, forge:login]
[07May2026 17:11:20.152] [Netty Local Server IO #1/DEBUG] [net.minecraftforge.network.NetworkRegistry/NETREGISTRY]: Channel 'forge:handshake' : Version test of 'PRESENT 0' from client : ACCEPTED
[07May2026 17:11:20.153] [Netty Local Server IO #1/DEBUG] [net.minecraftforge.network.NetworkRegistry/NETREGISTRY]: Channel 'forge:login' : Version test of 'PRESENT 0' from client : ACCEPTED
[07May2026 17:11:20.153] [Netty Local Server IO #1/DEBUG] [net.minecraftforge.network.NetworkRegistry/NETREGISTRY]: Channel 'forge:channel_registration' : Version test of 'PRESENT 0' from client : ACCEPTED
[07May2026 17:11:20.153] [Netty Local Server IO #1/DEBUG] [net.minecraftforge.network.NetworkRegistry/NETREGISTRY]: Accepting channel list from client
[07May2026 17:11:20.157] [Netty Local Server IO #1/DEBUG] [net.minecraftforge.network.ForgePacketHandler/FORGE_PACKET_HANDLER]: Received acknowledgement 0 from client
[07May2026 17:11:20.157] [Netty Local Client IO #0/DEBUG] [net.minecraftforge.network.ForgePacketHandler/FORGE_PACKET_HANDLER]: Expecting 19 registries: minecraft:command_argument_type, minecraft:recipe_serializer, minecraft:sound_event, minecraft:particle_type, minecraft:villager_profession, minecraft:item, minecraft:potion, minecraft:painting_variant, forge:fluid_type, minecraft:block_entity_type, forge:display_contexts, minecraft:block, forge:entity_data_serializers, minecraft:mob_effect, minecraft:stat_type, minecraft:menu, minecraft:data_component_type, minecraft:fluid, minecraft:entity_type
[07May2026 17:11:20.158] [Netty Local Client IO #0/DEBUG] [net.minecraftforge.network.ForgePacketHandler/FORGE_PACKET_HANDLER]: Received config sync from server for forge-server.toml
[07May2026 17:11:20.258] [Server thread/INFO] [net.minecraft.server.level.progress.LoggingLevelLoadListener/]: Loading 49 chunks for player spawn...
[07May2026 17:11:20.258] [Server thread/INFO] [net.minecraft.server.level.progress.LoggingLevelLoadListener/]: Preparing spawn area: 16%
[07May2026 17:11:20.378] [Server thread/INFO] [net.minecraft.server.level.progress.LoggingLevelLoadListener/]: Preparing spawn area: 16%
[07May2026 17:11:20.575] [Server thread/INFO] [net.minecraft.server.level.progress.LoggingLevelLoadListener/]: Time elapsed: 739 ms
[07May2026 17:11:20.788] [Render thread/INFO] [net.minecraftforge.common.ForgeHooks/]: Connected to a modded server.
[07May2026 17:11:20.855] [Server thread/INFO] [net.minecraft.server.players.PlayerList/]: Dev[local:E:27506d5f] logged in with entity id 85 at (-59.753407918746305, 74.0, 23.357796206128928)
[07May2026 17:11:20.896] [Server thread/INFO] [net.minecraft.server.MinecraftServer/]: Dev joined the game
[07May2026 17:11:20.963] [Server thread/DEBUG] [net.minecraftforge.forge.transformers.MethodRedirector/]: Redirecting method call finalizeSpawn(Lnet/minecraft/world/level/ServerLevelAccessor;Lnet/minecraft/world/DifficultyInstance;Lnet/minecraft/world/entity/EntitySpawnReason;Lnet/minecraft/world/entity/SpawnGroupData;)Lnet/minecraft/world/entity/SpawnGroupData; to onFinalizeSpawn(Lnet/minecraft/world/entity/Mob;Lnet/minecraft/world/level/ServerLevelAccessor;Lnet/minecraft/world/DifficultyInstance;Lnet/minecraft/world/entity/EntitySpawnReason;Lnet/minecraft/world/entity/SpawnGroupData;)Lnet/minecraft/world/entity/SpawnGroupData; inside of net/minecraft/world/level/NaturalSpawner.spawnCategoryForPosition
[07May2026 17:11:20.963] [Server thread/DEBUG] [net.minecraftforge.forge.transformers.MethodRedirector/]: Redirecting method call finalizeSpawn(Lnet/minecraft/world/level/ServerLevelAccessor;Lnet/minecraft/world/DifficultyInstance;Lnet/minecraft/world/entity/EntitySpawnReason;Lnet/minecraft/world/entity/SpawnGroupData;)Lnet/minecraft/world/entity/SpawnGroupData; to onFinalizeSpawn(Lnet/minecraft/world/entity/Mob;Lnet/minecraft/world/level/ServerLevelAccessor;Lnet/minecraft/world/DifficultyInstance;Lnet/minecraft/world/entity/EntitySpawnReason;Lnet/minecraft/world/entity/SpawnGroupData;)Lnet/minecraft/world/entity/SpawnGroupData; inside of net/minecraft/world/level/NaturalSpawner.spawnMobsForChunkGeneration
[07May2026 17:11:21.109] [Render thread/INFO] [net.minecraft.client.renderer.DynamicUniformStorage/]: Resizing Dynamic Transforms UBO, capacity limit of 2 reached during a single frame. New capacity will be 4.
[07May2026 17:11:21.116] [Server thread/INFO] [net.minecraft.client.server.IntegratedServer/]: Changing view distance to 16, from 10
[07May2026 17:11:21.118] [Server thread/INFO] [net.minecraft.client.server.IntegratedServer/]: Changing simulation distance to 12, from 0
[07May2026 17:11:21.158] [Render thread/INFO] [net.minecraft.advancements.AdvancementTree/]: Loaded 65 advancements
[07May2026 17:11:21.254] [Render thread/INFO] [net.minecraft.client.renderer.DynamicUniformStorage/]: Resizing Dynamic Transforms UBO, capacity limit of 4 reached during a single frame. New capacity will be 8.
[07May2026 17:11:21.386] [Render thread/INFO] [net.minecraft.client.renderer.DynamicUniformStorage/]: Resizing Chunk Sections UBO, capacity limit of 2 reached during a single frame. New capacity will be 8.
[07May2026 17:11:21.461] [Render thread/INFO] [net.minecraft.client.renderer.DynamicUniformStorage/]: Resizing Chunk Sections UBO, capacity limit of 8 reached during a single frame. New capacity will be 16.
[07May2026 17:11:21.480] [Render thread/INFO] [net.minecraft.client.renderer.DynamicUniformStorage/]: Resizing Chunk Sections UBO, capacity limit of 16 reached during a single frame. New capacity will be 32.
[07May2026 17:11:21.545] [Render thread/INFO] [net.minecraft.client.renderer.DynamicUniformStorage/]: Resizing Chunk Sections UBO, capacity limit of 32 reached during a single frame. New capacity will be 64.
[07May2026 17:11:21.693] [Render thread/INFO] [net.minecraft.client.renderer.DynamicUniformStorage/]: Resizing Chunk Sections UBO, capacity limit of 64 reached during a single frame. New capacity will be 128.
[07May2026 17:11:22.223] [Render thread/INFO] [net.minecraft.client.renderer.DynamicUniformStorage/]: Resizing Chunk Sections UBO, capacity limit of 128 reached during a single frame. New capacity will be 256.
[07May2026 17:11:22.854] [Server thread/DEBUG] [net.minecraftforge.forge.transformers.MethodRedirector/]: Redirecting method call finalizeSpawn(Lnet/minecraft/world/level/ServerLevelAccessor;Lnet/minecraft/world/DifficultyInstance;Lnet/minecraft/world/entity/EntitySpawnReason;Lnet/minecraft/world/entity/SpawnGroupData;)Lnet/minecraft/world/entity/SpawnGroupData; to onFinalizeSpawn(Lnet/minecraft/world/entity/Mob;Lnet/minecraft/world/level/ServerLevelAccessor;Lnet/minecraft/world/DifficultyInstance;Lnet/minecraft/world/entity/EntitySpawnReason;Lnet/minecraft/world/entity/SpawnGroupData;)Lnet/minecraft/world/entity/SpawnGroupData; inside of net/minecraft/world/level/levelgen/structure/templatesystem/StructureTemplate.lambda$placeEntities$5
[07May2026 17:11:22.969] [Render thread/INFO] [net.minecraft.client.renderer.DynamicUniformStorage/]: Resizing Chunk Sections UBO, capacity limit of 256 reached during a single frame. New capacity will be 512.
[07May2026 17:11:23.632] [Render thread/INFO] [net.minecraft.client.renderer.DynamicUniformStorage/]: Resizing Dynamic Transforms UBO, capacity limit of 8 reached during a single frame. New capacity will be 16.
[07May2026 17:11:23.650] [Server thread/DEBUG] [net.minecraftforge.forge.transformers.MethodRedirector/]: Redirecting method call finalizeSpawn(Lnet/minecraft/world/level/ServerLevelAccessor;Lnet/minecraft/world/DifficultyInstance;Lnet/minecraft/world/entity/EntitySpawnReason;Lnet/minecraft/world/entity/SpawnGroupData;)Lnet/minecraft/world/entity/SpawnGroupData; to onFinalizeSpawn(Lnet/minecraft/world/entity/Mob;Lnet/minecraft/world/level/ServerLevelAccessor;Lnet/minecraft/world/DifficultyInstance;Lnet/minecraft/world/entity/EntitySpawnReason;Lnet/minecraft/world/entity/SpawnGroupData;)Lnet/minecraft/world/entity/SpawnGroupData; inside of net/minecraft/world/level/block/entity/trialspawner/TrialSpawner.spawnMob
[07May2026 17:11:24.556] [Render thread/INFO] [net.minecraft.client.renderer.DynamicUniformStorage/]: Resizing Chunk Sections UBO, capacity limit of 512 reached during a single frame. New capacity will be 1024.
[07May2026 17:13:29.206] [Server thread/INFO] [net.minecraft.client.server.IntegratedServer/]: Saving and pausing game...
[07May2026 17:13:29.263] [Server thread/INFO] [net.minecraft.server.MinecraftServer/]: Saving chunks for level 'ServerLevel[New World]'/minecraft:overworld
[07May2026 17:13:29.292] [Server thread/INFO] [net.minecraft.server.MinecraftServer/]: Saving chunks for level 'ServerLevel[New World]'/minecraft:the_nether
[07May2026 17:13:29.294] [Server thread/INFO] [net.minecraft.server.MinecraftServer/]: Saving chunks for level 'ServerLevel[New World]'/minecraft:the_end
[07May2026 17:13:29.299] [Server thread/DEBUG] [net.minecraftforge.common.ForgeHooks/WP]: Gathering id map for writing to world save New World
[07May2026 17:13:29.319] [Server thread/DEBUG] [net.minecraftforge.common.ForgeHooks/WP]: ID Map collection complete New World
[07May2026 17:13:30.474] [Server thread/INFO] [net.minecraft.server.network.ServerGamePacketListenerImpl/]: Dev lost connection: Disconnected
[07May2026 17:13:30.475] [Server thread/INFO] [net.minecraft.server.MinecraftServer/]: Dev left the game
[07May2026 17:13:30.572] [Server thread/INFO] [net.minecraft.server.network.ServerCommonPacketListenerImpl/]: Stopping singleplayer server as player logged out
[07May2026 17:13:30.582] [Server thread/INFO] [net.minecraft.server.MinecraftServer/]: Stopping server
[07May2026 17:13:30.582] [Server thread/INFO] [net.minecraft.server.MinecraftServer/]: Saving players
[07May2026 17:13:30.583] [Server thread/INFO] [net.minecraft.server.MinecraftServer/]: Saving worlds
[07May2026 17:13:30.777] [Server thread/INFO] [net.minecraft.server.MinecraftServer/]: Saving chunks for level 'ServerLevel[New World]'/minecraft:overworld
[07May2026 17:13:32.699] [Server thread/INFO] [net.minecraft.server.MinecraftServer/]: Saving chunks for level 'ServerLevel[New World]'/minecraft:the_nether
[07May2026 17:13:32.811] [Server thread/INFO] [net.minecraft.server.MinecraftServer/]: Saving chunks for level 'ServerLevel[New World]'/minecraft:the_end
[07May2026 17:13:32.942] [Server thread/DEBUG] [net.minecraftforge.common.ForgeHooks/WP]: Gathering id map for writing to world save New World
[07May2026 17:13:32.953] [Server thread/DEBUG] [net.minecraftforge.common.ForgeHooks/WP]: ID Map collection complete New World
[07May2026 17:13:32.967] [Server thread/INFO] [net.minecraft.server.MinecraftServer/]: ThreadedAnvilChunkStorage (New World): All chunks are saved
[07May2026 17:13:32.967] [Server thread/INFO] [net.minecraft.server.MinecraftServer/]: ThreadedAnvilChunkStorage (DIM-1): All chunks are saved
[07May2026 17:13:32.967] [Server thread/INFO] [net.minecraft.server.MinecraftServer/]: ThreadedAnvilChunkStorage (DIM1): All chunks are saved
[07May2026 17:13:32.967] [Server thread/INFO] [net.minecraft.server.MinecraftServer/]: ThreadedAnvilChunkStorage: All dimensions are saved
[07May2026 17:13:33.828] [Server thread/DEBUG] [net.minecraftforge.registries.GameData/REGISTRIES]: Reverting to FROZEN data state.
[07May2026 17:13:33.828] [Server thread/DEBUG] [net.minecraftforge.registries.ForgeRegistry/REGISTRIES]: Registry minecraft:block Sync: ACTIVE -> FROZEN
[07May2026 17:13:33.845] [Server thread/DEBUG] [net.minecraftforge.registries.ForgeRegistry/REGISTRIES]: Registry minecraft:fluid Sync: ACTIVE -> FROZEN
[07May2026 17:13:33.845] [Server thread/DEBUG] [net.minecraftforge.registries.ForgeRegistry/REGISTRIES]: Registry minecraft:item Sync: ACTIVE -> FROZEN
[07May2026 17:13:33.854] [Server thread/DEBUG] [net.minecraftforge.registries.ForgeRegistry/REGISTRIES]: Registry minecraft:mob_effect Sync: ACTIVE -> FROZEN
[07May2026 17:13:33.855] [Server thread/DEBUG] [net.minecraftforge.registries.ForgeRegistry/REGISTRIES]: Registry minecraft:sound_event Sync: ACTIVE -> FROZEN
[07May2026 17:13:33.864] [Server thread/DEBUG] [net.minecraftforge.registries.ForgeRegistry/REGISTRIES]: Registry minecraft:potion Sync: ACTIVE -> FROZEN
[07May2026 17:13:33.864] [Server thread/DEBUG] [net.minecraftforge.registries.ForgeRegistry/REGISTRIES]: Registry minecraft:entity_type Sync: ACTIVE -> FROZEN
[07May2026 17:13:33.866] [Server thread/DEBUG] [net.minecraftforge.registries.ForgeRegistry/REGISTRIES]: Registry minecraft:block_entity_type Sync: ACTIVE -> FROZEN
[07May2026 17:13:33.867] [Server thread/DEBUG] [net.minecraftforge.registries.ForgeRegistry/REGISTRIES]: Registry minecraft:particle_type Sync: ACTIVE -> FROZEN
[07May2026 17:13:33.867] [Server thread/DEBUG] [net.minecraftforge.registries.ForgeRegistry/REGISTRIES]: Registry minecraft:menu Sync: ACTIVE -> FROZEN
[07May2026 17:13:33.867] [Server thread/DEBUG] [net.minecraftforge.registries.ForgeRegistry/REGISTRIES]: Registry minecraft:painting_variant Sync: ACTIVE -> FROZEN
[07May2026 17:13:33.868] [Server thread/DEBUG] [net.minecraftforge.registries.ForgeRegistry/REGISTRIES]: Registry minecraft:recipe_type Sync: ACTIVE -> FROZEN
[07May2026 17:13:33.868] [Server thread/DEBUG] [net.minecraftforge.registries.ForgeRegistry/REGISTRIES]: Registry minecraft:recipe_serializer Sync: ACTIVE -> FROZEN
[07May2026 17:13:33.868] [Server thread/DEBUG] [net.minecraftforge.registries.ForgeRegistry/REGISTRIES]: Registry minecraft:attribute Sync: ACTIVE -> FROZEN
[07May2026 17:13:33.868] [Server thread/DEBUG] [net.minecraftforge.registries.ForgeRegistry/REGISTRIES]: Registry minecraft:stat_type Sync: ACTIVE -> FROZEN
[07May2026 17:13:33.868] [Server thread/DEBUG] [net.minecraftforge.registries.ForgeRegistry/REGISTRIES]: Registry minecraft:command_argument_type Sync: ACTIVE -> FROZEN
[07May2026 17:13:33.868] [Server thread/DEBUG] [net.minecraftforge.registries.ForgeRegistry/REGISTRIES]: Registry minecraft:data_component_type Sync: ACTIVE -> FROZEN
[07May2026 17:13:33.869] [Server thread/DEBUG] [net.minecraftforge.registries.ForgeRegistry/REGISTRIES]: Registry minecraft:villager_profession Sync: ACTIVE -> FROZEN
[07May2026 17:13:33.870] [Server thread/DEBUG] [net.minecraftforge.registries.ForgeRegistry/REGISTRIES]: Registry minecraft:point_of_interest_type Sync: ACTIVE -> FROZEN
[07May2026 17:13:33.872] [Server thread/DEBUG] [net.minecraftforge.registries.ForgeRegistry/REGISTRIES]: Registry minecraft:memory_module_type Sync: ACTIVE -> FROZEN
[07May2026 17:13:33.872] [Server thread/DEBUG] [net.minecraftforge.registries.ForgeRegistry/REGISTRIES]: Registry minecraft:sensor_type Sync: ACTIVE -> FROZEN
[07May2026 17:13:33.872] [Server thread/DEBUG] [net.minecraftforge.registries.ForgeRegistry/REGISTRIES]: Registry minecraft:activity Sync: ACTIVE -> FROZEN
[07May2026 17:13:33.873] [Server thread/DEBUG] [net.minecraftforge.registries.ForgeRegistry/REGISTRIES]: Registry minecraft:worldgen/carver Sync: ACTIVE -> FROZEN
[07May2026 17:13:33.873] [Server thread/DEBUG] [net.minecraftforge.registries.ForgeRegistry/REGISTRIES]: Registry minecraft:worldgen/feature Sync: ACTIVE -> FROZEN
[07May2026 17:13:33.873] [Server thread/DEBUG] [net.minecraftforge.registries.ForgeRegistry/REGISTRIES]: Registry minecraft:chunk_status Sync: ACTIVE -> FROZEN
[07May2026 17:13:33.873] [Server thread/DEBUG] [net.minecraftforge.registries.ForgeRegistry/REGISTRIES]: Registry minecraft:worldgen/block_state_provider_type Sync: ACTIVE -> FROZEN
[07May2026 17:13:33.874] [Server thread/DEBUG] [net.minecraftforge.registries.ForgeRegistry/REGISTRIES]: Registry minecraft:worldgen/foliage_placer_type Sync: ACTIVE -> FROZEN
[07May2026 17:13:33.874] [Server thread/DEBUG] [net.minecraftforge.registries.ForgeRegistry/REGISTRIES]: Registry minecraft:worldgen/tree_decorator_type Sync: ACTIVE -> FROZEN
[07May2026 17:13:33.874] [Server thread/DEBUG] [net.minecraftforge.registries.ForgeRegistry/REGISTRIES]: Registry minecraft:worldgen/biome Sync: ACTIVE -> FROZEN
[07May2026 17:13:33.874] [Server thread/DEBUG] [net.minecraftforge.registries.ForgeRegistry/REGISTRIES]: Registry forge:entity_data_serializers Sync: ACTIVE -> FROZEN
[07May2026 17:13:33.874] [Server thread/DEBUG] [net.minecraftforge.registries.ForgeRegistry/REGISTRIES]: Registry forge:global_loot_modifier_serializers Sync: ACTIVE -> FROZEN
[07May2026 17:13:33.874] [Server thread/DEBUG] [net.minecraftforge.registries.ForgeRegistry/REGISTRIES]: Registry forge:biome_modifier_serializers Sync: ACTIVE -> FROZEN
[07May2026 17:13:33.874] [Server thread/DEBUG] [net.minecraftforge.registries.ForgeRegistry/REGISTRIES]: Registry forge:structure_modifier_serializers Sync: ACTIVE -> FROZEN
[07May2026 17:13:33.874] [Server thread/DEBUG] [net.minecraftforge.registries.ForgeRegistry/REGISTRIES]: Registry forge:fluid_type Sync: ACTIVE -> FROZEN
[07May2026 17:13:33.874] [Server thread/DEBUG] [net.minecraftforge.registries.ForgeRegistry/REGISTRIES]: Registry forge:holder_set_type Sync: ACTIVE -> FROZEN
[07May2026 17:13:33.874] [Server thread/DEBUG] [net.minecraftforge.registries.ForgeRegistry/REGISTRIES]: Registry forge:display_contexts Sync: ACTIVE -> FROZEN
[07May2026 17:13:33.874] [Server thread/DEBUG] [net.minecraftforge.registries.ForgeRegistry/REGISTRIES]: Registry forge:condition_codecs Sync: ACTIVE -> FROZEN
[07May2026 17:13:33.874] [Server thread/DEBUG] [net.minecraftforge.registries.ForgeRegistry/REGISTRIES]: Registry forge:ingredient_serializers Sync: ACTIVE -> FROZEN
[07May2026 17:13:34.227] [Server thread/DEBUG] [net.minecraftforge.registries.ObjectHolderRegistry/REGISTRIES]: Applying holder lookups
[07May2026 17:13:34.227] [Server thread/DEBUG] [net.minecraftforge.registries.ObjectHolderRegistry/REGISTRIES]: Holder lookups applied
[07May2026 17:13:34.227] [Server thread/DEBUG] [net.minecraftforge.registries.GameData/REGISTRIES]: FROZEN state restored.
[07May2026 17:13:34.227] [Server thread/DEBUG] [net.minecraftforge.fml.config.ConfigTracker/CONFIG]: Unloading configs type SERVER
[07May2026 17:13:34.230] [Server thread/DEBUG] [net.minecraftforge.fml.config.ConfigFileTypeHandler/CONFIG]: Stopping watcher for hander: ConfigFileTypeHandler[SERVER]
[07May2026 17:13:34.732] [pool-10-thread-1/DEBUG] [net.minecraftforge.fml.config.ConfigFileTypeHandler/CONFIG]: Config file forge-server.toml changed, sending notifies
[07May2026 17:13:34.732] [pool-10-thread-1/DEBUG] [net.minecraftforge.common.ForgeConfig/FORGEMOD]: Forge config just got changed on the file system!
[07May2026 17:13:35.086] [Render thread/INFO] [net.minecraft.client.Minecraft/]: Stopping!
[07May2026 17:13:35.144] [Render thread/DEBUG] [net.minecraftforge.fml.config.ConfigTracker/CONFIG]: Unloading configs type CLIENT
[07May2026 17:13:35.146] [Render thread/DEBUG] [net.minecraftforge.fml.config.ConfigFileTypeHandler/CONFIG]: Stopping watcher for hander: ConfigFileTypeHandler[CLIENT]
[07May2026 17:13:35.146] [Render thread/DEBUG] [net.minecraftforge.fml.config.ConfigTracker/CONFIG]: Unloading configs type COMMON
[07May2026 17:13:35.147] [Render thread/DEBUG] [net.minecraftforge.fml.config.ConfigFileTypeHandler/CONFIG]: Stopping watcher for hander: ConfigFileTypeHandler[COMMON]
