[04Jan2025 10:04:35.195] [main/INFO] [cpw.mods.modlauncher.Launcher/MODLAUNCHER]: ModLauncher running: args [--launchTarget, forge_userdev_client, --version, MOD_DEV, --assetIndex, 19, --assetsDir, C:\Users\jakeb\.gradle\caches\forge_gradle\assets, --gameDir, .]
[04Jan2025 10:04:35.221] [main/INFO] [cpw.mods.modlauncher.Launcher/MODLAUNCHER]: JVM identified as Eclipse Adoptium OpenJDK 64-Bit Server VM 21.0.5+11-LTS
[04Jan2025 10:04:35.222] [main/INFO] [cpw.mods.modlauncher.Launcher/MODLAUNCHER]: ModLauncher 10.2.2 starting: java version 21.0.5 by Eclipse Adoptium; OS Windows 11 arch amd64 version 10.0
[04Jan2025 10:04:35.240] [main/DEBUG] [cpw.mods.modlauncher.LaunchServiceHandler/MODLAUNCHER]: Found launch services [minecraft,forge_userdev_server_gametest,forge_dev_client,forge_userdev_data,forge_dev_server_gametest,forge_dev_client_data,forge_userdev_server,forge_client,forge_server,forge_userdev_client_data,forge_userdev_client,forge_dev_data,forge_dev,testharness,forge_userdev,forge_dev_server]
[04Jan2025 10:04:35.247] [main/DEBUG] [cpw.mods.modlauncher.NameMappingServiceHandler/MODLAUNCHER]: Found naming services : [srgtomcp]
[04Jan2025 10:04:35.261] [main/DEBUG] [cpw.mods.modlauncher.LaunchPluginHandler/MODLAUNCHER]: Found launch plugins: [mixin,eventbus,slf4jfixer,object_holder_definalize,runtime_enum_extender,capability_token_subclass,accesstransformer,runtimedistcleaner]
[04Jan2025 10:04:35.267] [main/DEBUG] [cpw.mods.modlauncher.TransformationServicesHandler/MODLAUNCHER]: Discovering transformation services
[04Jan2025 10:04:35.268] [main/DEBUG] [net.minecraftforge.fml.loading.FMLPaths/CORE]: Path GAMEDIR is C:\Users\jakeb\IdeaProjects\Minecraft\Mods\CompactTools\run
[04Jan2025 10:04:35.268] [main/DEBUG] [net.minecraftforge.fml.loading.FMLPaths/CORE]: Path MODSDIR is C:\Users\jakeb\IdeaProjects\Minecraft\Mods\CompactTools\run\mods
[04Jan2025 10:04:35.269] [main/DEBUG] [net.minecraftforge.fml.loading.FMLPaths/CORE]: Path CONFIGDIR is C:\Users\jakeb\IdeaProjects\Minecraft\Mods\CompactTools\run\config
[04Jan2025 10:04:35.269] [main/DEBUG] [net.minecraftforge.fml.loading.FMLPaths/CORE]: Path FMLCONFIG is C:\Users\jakeb\IdeaProjects\Minecraft\Mods\CompactTools\run\config\fml.toml
[04Jan2025 10:04:35.304] [main/INFO] [net.minecraftforge.fml.loading.ImmediateWindowHandler/]: Loading ImmediateWindowProvider fmlearlywindow
[04Jan2025 10:04:35.396] [main/INFO] [EARLYDISPLAY/]: Trying GL version 4.6
[04Jan2025 10:04:35.535] [main/INFO] [EARLYDISPLAY/]: Requested GL version 4.6 got version 4.6
[04Jan2025 10:04:35.568] [main/DEBUG] [cpw.mods.modlauncher.TransformationServicesHandler/MODLAUNCHER]: Found transformer service: fml: /
[04Jan2025 10:04:35.569] [main/DEBUG] [cpw.mods.modlauncher.TransformationServicesHandler/MODLAUNCHER]: Found transformer service: mixin: /
[04Jan2025 10:04:35.570] [main/DEBUG] [cpw.mods.modlauncher.TransformationServicesHandler/MODLAUNCHER]: Transformation services loading
[04Jan2025 10:04:35.570] [main/DEBUG] [cpw.mods.modlauncher.TransformationServiceDecorator/MODLAUNCHER]: Loading service mixin
[04Jan2025 10:04:35.571] [main/DEBUG] [cpw.mods.modlauncher.TransformationServiceDecorator/MODLAUNCHER]: Loaded service mixin
[04Jan2025 10:04:35.571] [main/DEBUG] [cpw.mods.modlauncher.TransformationServiceDecorator/MODLAUNCHER]: Loading service fml
[04Jan2025 10:04:35.579] [main/DEBUG] [net.minecraftforge.fml.loading.FMLLoader/CORE]: Detected version data : VersionInfo[forgeVersion=54.0.14, mcVersion=1.21.4, mcpVersion=20241203.143248, forgeGroup=net.minecraftforge]
[04Jan2025 10:04:35.581] [main/DEBUG] [net.minecraftforge.fml.loading.LauncherVersion/CORE]: Found FMLLauncher version 54.0.14
[04Jan2025 10:04:35.581] [main/DEBUG] [net.minecraftforge.fml.loading.FMLLoader/CORE]: FML 54.0.14 loading
[04Jan2025 10:04:35.581] [main/DEBUG] [net.minecraftforge.fml.loading.FMLLoader/CORE]: Found ModLauncher version: 10.2.2
[04Jan2025 10:04:35.581] [main/DEBUG] [net.minecraftforge.fml.loading.FMLLoader/CORE]: Found AccessTransformer version: 8.2.0
[04Jan2025 10:04:35.581] [main/DEBUG] [net.minecraftforge.fml.loading.FMLLoader/CORE]: Found EventBus version: 6.2.8
[04Jan2025 10:04:35.582] [main/DEBUG] [net.minecraftforge.fml.loading.FMLLoader/CORE]: Found RuntimeDistCleaner version: 54.0.14
[04Jan2025 10:04:35.583] [main/DEBUG] [net.minecraftforge.fml.loading.FMLLoader/CORE]: FML found CoreMod version : 5.2.4
[04Jan2025 10:04:35.584] [main/DEBUG] [net.minecraftforge.fml.loading.FMLLoader/CORE]: Found ForgeSPI version: 7.1.5
[04Jan2025 10:04:35.584] [main/DEBUG] [cpw.mods.modlauncher.TransformationServiceDecorator/MODLAUNCHER]: Loaded service fml
[04Jan2025 10:04:35.584] [main/DEBUG] [cpw.mods.modlauncher.TransformationServicesHandler/MODLAUNCHER]: Configuring option handling for services
[04Jan2025 10:04:35.587] [main/DEBUG] [cpw.mods.modlauncher.TransformationServicesHandler/MODLAUNCHER]: Transformation services initializing
[04Jan2025 10:04:35.589] [main/DEBUG] [cpw.mods.modlauncher.TransformationServiceDecorator/MODLAUNCHER]: Initializing transformation service mixin
[04Jan2025 10:04:35.612] [main/DEBUG] [mixin/]: MixinService [ModLauncher] was successfully booted in SecureModuleClassLoader[SECURE-BOOTSTRAP]@2024453272
[04Jan2025 10:04:35.627] [main/INFO] [mixin/]: SpongePowered MIXIN Subsystem Version=0.8.7 Source=jar:file:///C:/Users/jakeb/.gradle/caches/modules-2/files-2.1/org.spongepowered/mixin/0.8.7/8ab114ac385e6dbdad5efafe28aba4df8120915f/mixin-0.8.7.jar!/ Service=ModLauncher Env=CLIENT
[04Jan2025 10:04:35.629] [main/DEBUG] [mixin/]: Initialising Mixin Platform Manager
[04Jan2025 10:04:35.631] [main/DEBUG] [mixin/]: Adding mixin platform agents for container ModLauncher Root Container(ModLauncher:4f56a0a2)
[04Jan2025 10:04:35.631] [main/DEBUG] [mixin/]: Instancing new MixinPlatformAgentMinecraftForge for ModLauncher Root Container(ModLauncher:4f56a0a2)
[04Jan2025 10:04:35.632] [main/DEBUG] [mixin/]: MixinPlatformAgentMinecraftForge rejected container ModLauncher Root Container(ModLauncher:4f56a0a2)
[04Jan2025 10:04:35.632] [main/DEBUG] [mixin/]: Instancing new MixinPlatformAgentDefault for ModLauncher Root Container(ModLauncher:4f56a0a2)
[04Jan2025 10:04:35.632] [main/DEBUG] [mixin/]: MixinPlatformAgentDefault accepted container ModLauncher Root Container(ModLauncher:4f56a0a2)
[04Jan2025 10:04:35.634] [main/DEBUG] [cpw.mods.modlauncher.TransformationServiceDecorator/MODLAUNCHER]: Initialized transformation service mixin
[04Jan2025 10:04:35.635] [main/DEBUG] [cpw.mods.modlauncher.TransformationServiceDecorator/MODLAUNCHER]: Initializing transformation service fml
[04Jan2025 10:04:35.635] [main/DEBUG] [net.minecraftforge.fml.loading.FMLServiceProvider/CORE]: Setting up basic FML game directories
[04Jan2025 10:04:35.635] [main/DEBUG] [net.minecraftforge.fml.loading.FMLPaths/CORE]: Path GAMEDIR is C:\Users\jakeb\IdeaProjects\Minecraft\Mods\CompactTools\run
[04Jan2025 10:04:35.635] [main/DEBUG] [net.minecraftforge.fml.loading.FMLPaths/CORE]: Path MODSDIR is C:\Users\jakeb\IdeaProjects\Minecraft\Mods\CompactTools\run\mods
[04Jan2025 10:04:35.636] [main/DEBUG] [net.minecraftforge.fml.loading.FMLPaths/CORE]: Path CONFIGDIR is C:\Users\jakeb\IdeaProjects\Minecraft\Mods\CompactTools\run\config
[04Jan2025 10:04:35.636] [main/DEBUG] [net.minecraftforge.fml.loading.FMLPaths/CORE]: Path FMLCONFIG is C:\Users\jakeb\IdeaProjects\Minecraft\Mods\CompactTools\run\config\fml.toml
[04Jan2025 10:04:35.636] [main/DEBUG] [net.minecraftforge.fml.loading.FMLServiceProvider/CORE]: Loading configuration
[04Jan2025 10:04:35.639] [main/DEBUG] [net.minecraftforge.fml.loading.FMLServiceProvider/CORE]: Preparing ModFile
[04Jan2025 10:04:35.641] [main/DEBUG] [net.minecraftforge.fml.loading.FMLServiceProvider/CORE]: Preparing launch handler
[04Jan2025 10:04:35.641] [main/DEBUG] [net.minecraftforge.fml.loading.FMLLoader/CORE]: Using forge_userdev_client as launch service
[04Jan2025 10:04:35.646] [main/DEBUG] [cpw.mods.modlauncher.TransformationServiceDecorator/MODLAUNCHER]: Initialized transformation service fml
[04Jan2025 10:04:35.646] [main/DEBUG] [cpw.mods.modlauncher.NameMappingServiceHandler/MODLAUNCHER]: Current naming domain is 'mcp'
[04Jan2025 10:04:35.647] [main/DEBUG] [cpw.mods.modlauncher.NameMappingServiceHandler/MODLAUNCHER]: Identified name mapping providers {srg=net.minecraftforge.fml.loading.MCPNamingService@2f6bcf87}
[04Jan2025 10:04:35.647] [main/DEBUG] [cpw.mods.modlauncher.TransformationServicesHandler/MODLAUNCHER]: Transformation services begin scanning
[04Jan2025 10:04:35.648] [main/DEBUG] [cpw.mods.modlauncher.TransformationServiceDecorator/MODLAUNCHER]: Beginning scan trigger - transformation service mixin
[04Jan2025 10:04:35.648] [main/DEBUG] [cpw.mods.modlauncher.TransformationServiceDecorator/MODLAUNCHER]: End scan trigger - transformation service mixin
[04Jan2025 10:04:35.649] [main/DEBUG] [cpw.mods.modlauncher.TransformationServiceDecorator/MODLAUNCHER]: Beginning scan trigger - transformation service fml
[04Jan2025 10:04:35.649] [main/DEBUG] [net.minecraftforge.fml.loading.FMLServiceProvider/CORE]: Initiating mod scan
[04Jan2025 10:04:35.655] [main/DEBUG] [net.minecraftforge.fml.loading.moddiscovery.ModDiscoverer/CORE]: Found Mod Locators : (mods folder:null),(minecraft:null),(classpath:null),(forge_dev_locator:null),(forge_userdev_locator:null)
[04Jan2025 10:04:35.656] [main/DEBUG] [net.minecraftforge.fml.loading.moddiscovery.ModDiscoverer/CORE]: Found Dependency Locators : (JarInJar:null)
[04Jan2025 10:04:35.876] [EarlyDisplay/INFO] [EARLYDISPLAY/]: GL info: NVIDIA GeForce RTX 2060/PCIe/SSE2 GL version 4.6.0 NVIDIA 560.94, NVIDIA Corporation
[04Jan2025 10:04:36.197] [main/DEBUG] [net.minecraftforge.fml.loading.moddiscovery.ModFileInfo/LOADING]: Found valid mod file  with {minecraft} mods - versions {1.21.4}
[04Jan2025 10:04:36.404] [main/DEBUG] [net.minecraftforge.fml.loading.moddiscovery.ModFileParser/LOADING]: Considering mod file candidate C:\Users\jakeb\IdeaProjects\Minecraft\Mods\CompactTools\build\sourcesSets\main
[04Jan2025 10:04:36.411] [main/DEBUG] [net.minecraftforge.fml.loading.moddiscovery.ModFileInfo/LOADING]: Found valid mod file main with {compacttools73} mods - versions {1.0-Alpha}
[04Jan2025 10:04:36.511] [main/DEBUG] [net.minecraftforge.fml.loading.moddiscovery.ModFileParser/LOADING]: Considering mod file candidate /
[04Jan2025 10:04:36.516] [main/DEBUG] [net.minecraftforge.fml.loading.moddiscovery.ModFileInfo/LOADING]: Found valid mod file  with {forge} mods - versions {54.0.14}
[04Jan2025 10:04:36.525] [main/DEBUG] [net.minecraftforge.fml.loading.moddiscovery.JarInJarDependencyLocator/]: Failed to load resource META-INF\jarjar\metadata.json from , it does not contain dependency information.
[04Jan2025 10:04:36.525] [main/DEBUG] [net.minecraftforge.fml.loading.moddiscovery.JarInJarDependencyLocator/]: Failed to load resource META-INF\jarjar\metadata.json from main, it does not contain dependency information.
[04Jan2025 10:04:36.525] [main/DEBUG] [net.minecraftforge.fml.loading.moddiscovery.JarInJarDependencyLocator/]: Failed to load resource META-INF\jarjar\metadata.json from , it does not contain dependency information.
[04Jan2025 10:04:36.526] [main/DEBUG] [net.minecraftforge.fml.loading.moddiscovery.JarInJarDependencyLocator/]: Failed to load resource META-INF\jarjar\metadata.json from javafmllanguage-1.21.4-54.0.14.jar, it does not contain dependency information.
[04Jan2025 10:04:36.526] [main/DEBUG] [net.minecraftforge.fml.loading.moddiscovery.JarInJarDependencyLocator/]: Failed to load resource META-INF\jarjar\metadata.json from lowcodelanguage-1.21.4-54.0.14.jar, it does not contain dependency information.
[04Jan2025 10:04:36.526] [main/DEBUG] [net.minecraftforge.fml.loading.moddiscovery.JarInJarDependencyLocator/]: Failed to load resource META-INF\jarjar\metadata.json from mclanguage-1.21.4-54.0.14.jar, it does not contain dependency information.
[04Jan2025 10:04:36.526] [main/DEBUG] [net.minecraftforge.fml.loading.moddiscovery.JarInJarDependencyLocator/]: Failed to load resource META-INF\jarjar\metadata.json from fmlcore-1.21.4-54.0.14.jar, it does not contain dependency information.
[04Jan2025 10:04:36.562] [main/INFO] [net.minecraftforge.fml.loading.moddiscovery.JarInJarDependencyLocator/]: No dependencies to load found. Skipping!
[04Jan2025 10:04:36.564] [main/DEBUG] [net.minecraftforge.fml.loading.moddiscovery.ModFileInfo/LOADING]: Found valid mod file  with {minecraft} mods - versions {1.21.4}
[04Jan2025 10:04:36.566] [main/DEBUG] [net.minecraftforge.fml.loading.moddiscovery.ModFile/LOADING]: Loading mod file / with languages [LanguageSpec[languageName=minecraft, acceptedVersions=1]]
[04Jan2025 10:04:36.567] [main/DEBUG] [net.minecraftforge.fml.loading.moddiscovery.ModFileParser/LOADING]: Considering mod file candidate C:\Users\jakeb\IdeaProjects\Minecraft\Mods\CompactTools\build\sourcesSets\main
[04Jan2025 10:04:36.569] [main/DEBUG] [net.minecraftforge.fml.loading.moddiscovery.ModFileInfo/LOADING]: Found valid mod file main with {compacttools73} mods - versions {1.0-Alpha}
[04Jan2025 10:04:36.569] [main/DEBUG] [net.minecraftforge.fml.loading.moddiscovery.ModFile/LOADING]: Loading mod file C:\Users\jakeb\IdeaProjects\Minecraft\Mods\CompactTools\build\sourcesSets\main with languages [LanguageSpec[languageName=javafml, acceptedVersions=[54,)]]
[04Jan2025 10:04:36.569] [main/DEBUG] [net.minecraftforge.fml.loading.moddiscovery.ModFileParser/LOADING]: Considering mod file candidate /
[04Jan2025 10:04:36.571] [main/DEBUG] [net.minecraftforge.fml.loading.moddiscovery.ModFileInfo/LOADING]: Found valid mod file  with {forge} mods - versions {54.0.14}
[04Jan2025 10:04:36.571] [main/DEBUG] [net.minecraftforge.fml.loading.moddiscovery.ModFile/LOADING]: Loading mod file / with languages [LanguageSpec[languageName=javafml, acceptedVersions=[24,]]]
[04Jan2025 10:04:36.574] [main/DEBUG] [net.minecraftforge.fml.loading.moddiscovery.ModFileParser/LOADING]: Found coremod field_to_method with Javascript path coremods/field_to_method.js
[04Jan2025 10:04:36.575] [main/DEBUG] [net.minecraftforge.fml.loading.moddiscovery.ModFileParser/LOADING]: Found coremod method_redirector with Javascript path coremods/method_redirector.js
[04Jan2025 10:04:36.575] [main/DEBUG] [net.minecraftforge.fml.loading.moddiscovery.ModFile/LOADING]: Found coremod /coremods/field_to_method.js
[04Jan2025 10:04:36.575] [main/DEBUG] [net.minecraftforge.fml.loading.moddiscovery.ModFile/LOADING]: Found coremod /coremods/method_redirector.js
[04Jan2025 10:04:36.577] [main/DEBUG] [cpw.mods.modlauncher.TransformationServiceDecorator/MODLAUNCHER]: End scan trigger - transformation service fml
[04Jan2025 10:04:36.593] [main/DEBUG] [net.minecraftforge.fml.loading.LanguageLoadingProvider/CORE]: Found 3 language providers
[04Jan2025 10:04:36.594] [main/DEBUG] [net.minecraftforge.fml.loading.LanguageLoadingProvider/CORE]: Found language provider lowcodefml, version 54
[04Jan2025 10:04:36.595] [main/DEBUG] [net.minecraftforge.fml.loading.LanguageLoadingProvider/CORE]: Found language provider minecraft, version 1.0
[04Jan2025 10:04:36.595] [main/DEBUG] [net.minecraftforge.fml.loading.LanguageLoadingProvider/CORE]: Found language provider javafml, version 54.0.14
[04Jan2025 10:04:36.596] [main/DEBUG] [net.minecraftforge.fml.loading.ModSorter/]: Configured system mods: [minecraft, forge]
[04Jan2025 10:04:36.597] [main/DEBUG] [net.minecraftforge.fml.loading.ModSorter/]: Found system mod: minecraft
[04Jan2025 10:04:36.597] [main/DEBUG] [net.minecraftforge.fml.loading.ModSorter/]: Found system mod: forge
[04Jan2025 10:04:36.602] [main/DEBUG] [net.minecraftforge.fml.loading.ModSorter/LOADING]: Found 2 mod requirements (2 mandatory, 0 optional)
[04Jan2025 10:04:36.602] [main/DEBUG] [net.minecraftforge.fml.loading.ModSorter/LOADING]: Found 0 mod requirements missing (0 mandatory, 0 optional)
[04Jan2025 10:04:36.884] [main/DEBUG] [net.minecraftforge.fml.loading.MCPNamingService/CORE]: Loaded 42570 method mappings from methods.csv
[04Jan2025 10:04:36.901] [main/DEBUG] [net.minecraftforge.fml.loading.MCPNamingService/CORE]: Loaded 37778 field mappings from fields.csv
[04Jan2025 10:04:36.924] [main/DEBUG] [cpw.mods.modlauncher.TransformationServicesHandler/MODLAUNCHER]: Transformation services loading transformers
[04Jan2025 10:04:36.924] [main/DEBUG] [cpw.mods.modlauncher.TransformationServiceDecorator/MODLAUNCHER]: Initializing transformers for transformation service mixin
[04Jan2025 10:04:36.924] [main/DEBUG] [cpw.mods.modlauncher.TransformationServiceDecorator/MODLAUNCHER]: Initialized transformers for transformation service mixin
[04Jan2025 10:04:36.924] [main/DEBUG] [cpw.mods.modlauncher.TransformationServiceDecorator/MODLAUNCHER]: Initializing transformers for transformation service fml
[04Jan2025 10:04:36.925] [main/DEBUG] [net.minecraftforge.fml.loading.FMLServiceProvider/CORE]: Loading coremod transformers
[04Jan2025 10:04:36.925] [main/DEBUG] [net.minecraftforge.coremod.CoreModEngine/COREMOD]: Loading CoreMod from /coremods/field_to_method.js
[04Jan2025 10:04:37.055] [main/DEBUG] [net.minecraftforge.coremod.CoreModEngine/COREMOD]: CoreMod loaded successfully
[04Jan2025 10:04:37.055] [main/DEBUG] [net.minecraftforge.coremod.CoreModEngine/COREMOD]: Loading CoreMod from /coremods/method_redirector.js
[04Jan2025 10:04:37.111] [main/DEBUG] [net.minecraftforge.coremod.CoreMod.forge/COREMODLOG]: Gathering Forge method redirector replacements
[04Jan2025 10:04:37.128] [main/DEBUG] [net.minecraftforge.coremod.CoreModEngine/COREMOD]: CoreMod loaded successfully
[04Jan2025 10:04:37.144] [main/DEBUG] [cpw.mods.modlauncher.TransformStore/MODLAUNCHER]: Adding transformer net.minecraftforge.coremod.transformer.CoreModClassTransformer@777d191f to Target : CLASS {Lnet/minecraft/world/level/biome/Biome;} {} {V}
[04Jan2025 10:04:37.146] [main/DEBUG] [cpw.mods.modlauncher.TransformStore/MODLAUNCHER]: Adding transformer net.minecraftforge.coremod.transformer.CoreModClassTransformer@5f631ca0 to Target : CLASS {Lnet/minecraft/world/effect/MobEffectInstance;} {} {V}
[04Jan2025 10:04:37.146] [main/DEBUG] [cpw.mods.modlauncher.TransformStore/MODLAUNCHER]: Adding transformer net.minecraftforge.coremod.transformer.CoreModClassTransformer@1697f2b3 to Target : CLASS {Lnet/minecraft/world/level/block/LiquidBlock;} {} {V}
[04Jan2025 10:04:37.146] [main/DEBUG] [cpw.mods.modlauncher.TransformStore/MODLAUNCHER]: Adding transformer net.minecraftforge.coremod.transformer.CoreModClassTransformer@12ad1b2a to Target : CLASS {Lnet/minecraft/world/item/BucketItem;} {} {V}
[04Jan2025 10:04:37.146] [main/DEBUG] [cpw.mods.modlauncher.TransformStore/MODLAUNCHER]: Adding transformer net.minecraftforge.coremod.transformer.CoreModClassTransformer@3134153d to Target : CLASS {Lnet/minecraft/world/level/block/FlowerPotBlock;} {} {V}
[04Jan2025 10:04:37.147] [main/DEBUG] [cpw.mods.modlauncher.TransformStore/MODLAUNCHER]: Adding transformer net.minecraftforge.coremod.transformer.CoreModClassTransformer@767599a7 to Target : CLASS {Lnet/minecraft/world/entity/monster/Evoker$EvokerSummonSpellGoal;} {} {V}
[04Jan2025 10:04:37.147] [main/DEBUG] [cpw.mods.modlauncher.TransformStore/MODLAUNCHER]: Adding transformer net.minecraftforge.coremod.transformer.CoreModClassTransformer@767599a7 to Target : CLASS {Lnet/minecraft/world/level/block/entity/trialspawner/TrialSpawner;} {} {V}
[04Jan2025 10:04:37.147] [main/DEBUG] [cpw.mods.modlauncher.TransformStore/MODLAUNCHER]: Adding transformer net.minecraftforge.coremod.transformer.CoreModClassTransformer@767599a7 to Target : CLASS {Lnet/minecraft/world/level/levelgen/PatrolSpawner;} {} {V}
[04Jan2025 10:04:37.147] [main/DEBUG] [cpw.mods.modlauncher.TransformStore/MODLAUNCHER]: Adding transformer net.minecraftforge.coremod.transformer.CoreModClassTransformer@767599a7 to Target : CLASS {Lnet/minecraft/world/entity/animal/horse/SkeletonTrapGoal;} {} {V}
[04Jan2025 10:04:37.147] [main/DEBUG] [cpw.mods.modlauncher.TransformStore/MODLAUNCHER]: Adding transformer net.minecraftforge.coremod.transformer.CoreModClassTransformer@767599a7 to Target : CLASS {Lnet/minecraft/world/level/levelgen/structure/structures/SwampHutPiece;} {} {V}
[04Jan2025 10:04:37.147] [main/DEBUG] [cpw.mods.modlauncher.TransformStore/MODLAUNCHER]: Adding transformer net.minecraftforge.coremod.transformer.CoreModClassTransformer@767599a7 to Target : CLASS {Lnet/minecraft/server/commands/RaidCommand;} {} {V}
[04Jan2025 10:04:37.148] [main/DEBUG] [cpw.mods.modlauncher.TransformStore/MODLAUNCHER]: Adding transformer net.minecraftforge.coremod.transformer.CoreModClassTransformer@767599a7 to Target : CLASS {Lnet/minecraft/world/level/levelgen/PhantomSpawner;} {} {V}
[04Jan2025 10:04:37.148] [main/DEBUG] [cpw.mods.modlauncher.TransformStore/MODLAUNCHER]: Adding transformer net.minecraftforge.coremod.transformer.CoreModClassTransformer@767599a7 to Target : CLASS {Lnet/minecraft/world/level/levelgen/structure/structures/WoodlandMansionPieces$WoodlandMansionPiece;} {} {V}
[04Jan2025 10:04:37.148] [main/DEBUG] [cpw.mods.modlauncher.TransformStore/MODLAUNCHER]: Adding transformer net.minecraftforge.coremod.transformer.CoreModClassTransformer@767599a7 to Target : CLASS {Lnet/minecraft/world/entity/monster/Spider;} {} {V}
[04Jan2025 10:04:37.148] [main/DEBUG] [cpw.mods.modlauncher.TransformStore/MODLAUNCHER]: Adding transformer net.minecraftforge.coremod.transformer.CoreModClassTransformer@767599a7 to Target : CLASS {Lnet/minecraft/world/entity/ai/village/VillageSiege;} {} {V}
[04Jan2025 10:04:37.148] [main/DEBUG] [cpw.mods.modlauncher.TransformStore/MODLAUNCHER]: Adding transformer net.minecraftforge.coremod.transformer.CoreModClassTransformer@767599a7 to Target : CLASS {Lnet/minecraft/world/entity/npc/Villager;} {} {V}
[04Jan2025 10:04:37.148] [main/DEBUG] [cpw.mods.modlauncher.TransformStore/MODLAUNCHER]: Adding transformer net.minecraftforge.coremod.transformer.CoreModClassTransformer@767599a7 to Target : CLASS {Lnet/minecraft/world/entity/monster/Strider;} {} {V}
[04Jan2025 10:04:37.148] [main/DEBUG] [cpw.mods.modlauncher.TransformStore/MODLAUNCHER]: Adding transformer net.minecraftforge.coremod.transformer.CoreModClassTransformer@767599a7 to Target : CLASS {Lnet/minecraft/world/entity/monster/ZombieVillager;} {} {V}
[04Jan2025 10:04:37.148] [main/DEBUG] [cpw.mods.modlauncher.TransformStore/MODLAUNCHER]: Adding transformer net.minecraftforge.coremod.transformer.CoreModClassTransformer@767599a7 to Target : CLASS {Lnet/minecraft/world/entity/EntityType;} {} {V}
[04Jan2025 10:04:37.148] [main/DEBUG] [cpw.mods.modlauncher.TransformStore/MODLAUNCHER]: Adding transformer net.minecraftforge.coremod.transformer.CoreModClassTransformer@767599a7 to Target : CLASS {Lnet/minecraft/world/entity/raid/Raid;} {} {V}
[04Jan2025 10:04:37.148] [main/DEBUG] [cpw.mods.modlauncher.TransformStore/MODLAUNCHER]: Adding transformer net.minecraftforge.coremod.transformer.CoreModClassTransformer@767599a7 to Target : CLASS {Lnet/minecraft/world/level/levelgen/structure/structures/OceanRuinPieces$OceanRuinPiece;} {} {V}
[04Jan2025 10:04:37.149] [main/DEBUG] [cpw.mods.modlauncher.TransformStore/MODLAUNCHER]: Adding transformer net.minecraftforge.coremod.transformer.CoreModClassTransformer@767599a7 to Target : CLASS {Lnet/minecraft/world/entity/npc/CatSpawner;} {} {V}
[04Jan2025 10:04:37.149] [main/DEBUG] [cpw.mods.modlauncher.TransformStore/MODLAUNCHER]: Adding transformer net.minecraftforge.coremod.transformer.CoreModClassTransformer@767599a7 to Target : CLASS {Lnet/minecraft/world/level/levelgen/structure/templatesystem/StructureTemplate;} {} {V}
[04Jan2025 10:04:37.149] [main/DEBUG] [cpw.mods.modlauncher.TransformStore/MODLAUNCHER]: Adding transformer net.minecraftforge.coremod.transformer.CoreModClassTransformer@767599a7 to Target : CLASS {Lnet/minecraft/world/level/NaturalSpawner;} {} {V}
[04Jan2025 10:04:37.149] [main/DEBUG] [cpw.mods.modlauncher.TransformStore/MODLAUNCHER]: Adding transformer net.minecraftforge.coremod.transformer.CoreModClassTransformer@767599a7 to Target : CLASS {Lnet/minecraft/world/entity/animal/frog/Tadpole;} {} {V}
[04Jan2025 10:04:37.149] [main/DEBUG] [cpw.mods.modlauncher.TransformStore/MODLAUNCHER]: Adding transformer net.minecraftforge.coremod.transformer.CoreModClassTransformer@767599a7 to Target : CLASS {Lnet/minecraft/world/level/levelgen/structure/structures/OceanMonumentPieces$OceanMonumentPiece;} {} {V}
[04Jan2025 10:04:37.149] [main/DEBUG] [cpw.mods.modlauncher.TransformStore/MODLAUNCHER]: Adding transformer net.minecraftforge.coremod.transformer.CoreModClassTransformer@767599a7 to Target : CLASS {Lnet/minecraft/world/entity/monster/Zombie;} {} {V}
[04Jan2025 10:04:37.149] [main/DEBUG] [cpw.mods.modlauncher.TransformStore/MODLAUNCHER]: Adding transformer net.minecraftforge.coremod.transformer.CoreModClassTransformer@767599a7 to Target : CLASS {Lnet/minecraft/server/commands/SummonCommand;} {} {V}
[04Jan2025 10:04:37.149] [main/DEBUG] [cpw.mods.modlauncher.TransformationServiceDecorator/MODLAUNCHER]: Initialized transformers for transformation service fml
[04Jan2025 10:04:37.203] [main/DEBUG] [mixin/]: Processing prepare() for PlatformAgent[MixinPlatformAgentDefault:ModLauncher Root Container(ModLauncher:4f56a0a2)]
[04Jan2025 10:04:37.203] [main/DEBUG] [mixin/]: Processing launch tasks for PlatformAgent[MixinPlatformAgentDefault:ModLauncher Root Container(ModLauncher:4f56a0a2)]
[04Jan2025 10:04:37.203] [main/DEBUG] [mixin/]: Adding mixin platform agents for container SecureJarResource(mixin.synthetic)
[04Jan2025 10:04:37.203] [main/DEBUG] [mixin/]: Instancing new MixinPlatformAgentMinecraftForge for SecureJarResource(mixin.synthetic)
[04Jan2025 10:04:37.203] [main/DEBUG] [mixin/]: MixinPlatformAgentMinecraftForge rejected container SecureJarResource(mixin.synthetic)
[04Jan2025 10:04:37.203] [main/DEBUG] [mixin/]: Instancing new MixinPlatformAgentDefault for SecureJarResource(mixin.synthetic)
[04Jan2025 10:04:37.204] [main/DEBUG] [mixin/]: MixinPlatformAgentDefault accepted container SecureJarResource(mixin.synthetic)
[04Jan2025 10:04:37.204] [main/DEBUG] [mixin/]: Processing prepare() for PlatformAgent[MixinPlatformAgentDefault:SecureJarResource(mixin.synthetic)]
[04Jan2025 10:04:37.204] [main/DEBUG] [mixin/]: Adding mixin platform agents for container SecureJarResource(minecraft)
[04Jan2025 10:04:37.204] [main/DEBUG] [mixin/]: Instancing new MixinPlatformAgentMinecraftForge for SecureJarResource(minecraft)
[04Jan2025 10:04:37.204] [main/DEBUG] [mixin/]: MixinPlatformAgentMinecraftForge rejected container SecureJarResource(minecraft)
[04Jan2025 10:04:37.204] [main/DEBUG] [mixin/]: Instancing new MixinPlatformAgentDefault for SecureJarResource(minecraft)
[04Jan2025 10:04:37.204] [main/DEBUG] [mixin/]: MixinPlatformAgentDefault accepted container SecureJarResource(minecraft)
[04Jan2025 10:04:37.204] [main/DEBUG] [mixin/]: Processing prepare() for PlatformAgent[MixinPlatformAgentDefault:SecureJarResource(minecraft)]
[04Jan2025 10:04:37.204] [main/DEBUG] [mixin/]: Adding mixin platform agents for container SecureJarResource(compacttools73)
[04Jan2025 10:04:37.204] [main/DEBUG] [mixin/]: Instancing new MixinPlatformAgentMinecraftForge for SecureJarResource(compacttools73)
[04Jan2025 10:04:37.205] [main/DEBUG] [mixin/]: MixinPlatformAgentMinecraftForge rejected container SecureJarResource(compacttools73)
[04Jan2025 10:04:37.205] [main/DEBUG] [mixin/]: Instancing new MixinPlatformAgentDefault for SecureJarResource(compacttools73)
[04Jan2025 10:04:37.205] [main/DEBUG] [mixin/]: MixinPlatformAgentDefault accepted container SecureJarResource(compacttools73)
[04Jan2025 10:04:37.205] [main/DEBUG] [mixin/]: Processing prepare() for PlatformAgent[MixinPlatformAgentDefault:SecureJarResource(compacttools73)]
[04Jan2025 10:04:37.205] [main/DEBUG] [mixin/]: Adding mixin platform agents for container SecureJarResource(net.minecraftforge.forge)
[04Jan2025 10:04:37.205] [main/DEBUG] [mixin/]: Instancing new MixinPlatformAgentMinecraftForge for SecureJarResource(net.minecraftforge.forge)
[04Jan2025 10:04:37.205] [main/DEBUG] [mixin/]: MixinPlatformAgentMinecraftForge rejected container SecureJarResource(net.minecraftforge.forge)
[04Jan2025 10:04:37.205] [main/DEBUG] [mixin/]: Instancing new MixinPlatformAgentDefault for SecureJarResource(net.minecraftforge.forge)
[04Jan2025 10:04:37.205] [main/DEBUG] [mixin/]: MixinPlatformAgentDefault accepted container SecureJarResource(net.minecraftforge.forge)
[04Jan2025 10:04:37.205] [main/DEBUG] [mixin/]: Processing prepare() for PlatformAgent[MixinPlatformAgentDefault:SecureJarResource(net.minecraftforge.forge)]
[04Jan2025 10:04:37.206] [main/DEBUG] [mixin/]: inject() running with 5 agents
[04Jan2025 10:04:37.206] [main/DEBUG] [mixin/]: Processing inject() for PlatformAgent[MixinPlatformAgentDefault:ModLauncher Root Container(ModLauncher:4f56a0a2)]
[04Jan2025 10:04:37.206] [main/DEBUG] [mixin/]: Processing inject() for PlatformAgent[MixinPlatformAgentDefault:SecureJarResource(mixin.synthetic)]
[04Jan2025 10:04:37.206] [main/DEBUG] [mixin/]: Processing inject() for PlatformAgent[MixinPlatformAgentDefault:SecureJarResource(minecraft)]
[04Jan2025 10:04:37.206] [main/DEBUG] [mixin/]: Processing inject() for PlatformAgent[MixinPlatformAgentDefault:SecureJarResource(compacttools73)]
[04Jan2025 10:04:37.206] [main/DEBUG] [mixin/]: Processing inject() for PlatformAgent[MixinPlatformAgentDefault:SecureJarResource(net.minecraftforge.forge)]
[04Jan2025 10:04:37.206] [main/INFO] [cpw.mods.modlauncher.LaunchServiceHandler/MODLAUNCHER]: Launching target 'forge_userdev_client' with arguments [--version, MOD_DEV, --gameDir, ., --assetsDir, C:\Users\jakeb\.gradle\caches\forge_gradle\assets, --assetIndex, 19]
[04Jan2025 10:04:37.229] [main/DEBUG] [mixin/]: Preparing mixins for MixinEnvironment[DEFAULT]
[04Jan2025 10:04:37.421] [main/DEBUG] [io.netty.util.internal.logging.InternalLoggerFactory/]: Using SLF4J as the default logging framework
[04Jan2025 10:04:37.423] [main/DEBUG] [io.netty.util.ResourceLeakDetector/]: -Dio.netty.leakDetection.level: simple
[04Jan2025 10:04:37.423] [main/DEBUG] [io.netty.util.ResourceLeakDetector/]: -Dio.netty.leakDetection.targetRecords: 4
[04Jan2025 10:04:38.326] [Datafixer Bootstrap/INFO] [com.mojang.datafixers.DataFixerBuilder/]: 243 Datafixer optimizations took 352 milliseconds
[04Jan2025 10:04:38.721] [pool-5-thread-1/DEBUG] [net.minecraftforge.coremod.transformer.CoreModBaseTransformer/COREMOD]: Transforming net/minecraft/world/entity/EntityType
[04Jan2025 10:04:38.795] [pool-5-thread-1/DEBUG] [net.minecraftforge.coremod.CoreMod.forge/COREMODLOG]: Redirecting method call finalizeSpawn(Lnet/minecraft/world/level/ServerLevelAccessor;Lnet/minecraft/world/DifficultyInstance;Lnet/minecraft/world/entity/EntitySpawnReason;Lnet/minecraft/world/entity/SpawnGroupData;)Lnet/minecraft/world/entity/SpawnGroupData; to onFinalizeSpawn(Lnet/minecraft/world/entity/Mob;Lnet/minecraft/world/level/ServerLevelAccessor;Lnet/minecraft/world/DifficultyInstance;Lnet/minecraft/world/entity/EntitySpawnReason;Lnet/minecraft/world/entity/SpawnGroupData;)Lnet/minecraft/world/entity/SpawnGroupData; inside of net/minecraft/world/entity/EntityType.create
[04Jan2025 10:04:39.077] [pool-5-thread-1/DEBUG] [net.minecraftforge.coremod.transformer.CoreModBaseTransformer/COREMOD]: Transforming net/minecraft/world/level/block/FlowerPotBlock
[04Jan2025 10:04:39.120] [pool-5-thread-1/DEBUG] [net.minecraftforge.coremod.transformer.CoreModBaseTransformer/COREMOD]: Transforming net/minecraft/world/level/block/LiquidBlock
[04Jan2025 10:04:39.317] [pool-5-thread-1/DEBUG] [net.minecraftforge.coremod.transformer.CoreModBaseTransformer/COREMOD]: Transforming net/minecraft/world/effect/MobEffectInstance
[04Jan2025 10:04:39.518] [pool-5-thread-1/DEBUG] [net.minecraftforge.coremod.transformer.CoreModBaseTransformer/COREMOD]: Transforming net/minecraft/world/level/biome/Biome
[04Jan2025 10:04:39.961] [pool-5-thread-1/DEBUG] [net.minecraftforge.coremod.transformer.CoreModBaseTransformer/COREMOD]: Transforming net/minecraft/world/entity/animal/frog/Tadpole
[04Jan2025 10:04:39.962] [pool-5-thread-1/DEBUG] [net.minecraftforge.coremod.CoreMod.forge/COREMODLOG]: Redirecting method call finalizeSpawn(Lnet/minecraft/world/level/ServerLevelAccessor;Lnet/minecraft/world/DifficultyInstance;Lnet/minecraft/world/entity/EntitySpawnReason;Lnet/minecraft/world/entity/SpawnGroupData;)Lnet/minecraft/world/entity/SpawnGroupData; to onFinalizeSpawn(Lnet/minecraft/world/entity/Mob;Lnet/minecraft/world/level/ServerLevelAccessor;Lnet/minecraft/world/DifficultyInstance;Lnet/minecraft/world/entity/EntitySpawnReason;Lnet/minecraft/world/entity/SpawnGroupData;)Lnet/minecraft/world/entity/SpawnGroupData; inside of net/minecraft/world/entity/animal/frog/Tadpole.lambda$ageUp$1
[04Jan2025 10:04:40.075] [pool-5-thread-1/DEBUG] [net.minecraftforge.coremod.transformer.CoreModBaseTransformer/COREMOD]: Transforming net/minecraft/world/item/BucketItem
[04Jan2025 10:04:40.381] [pool-5-thread-1/DEBUG] [net.minecraftforge.coremod.transformer.CoreModBaseTransformer/COREMOD]: Transforming net/minecraft/world/entity/monster/Spider
[04Jan2025 10:04:40.385] [pool-5-thread-1/DEBUG] [net.minecraftforge.coremod.CoreMod.forge/COREMODLOG]: Redirecting method call finalizeSpawn(Lnet/minecraft/world/level/ServerLevelAccessor;Lnet/minecraft/world/DifficultyInstance;Lnet/minecraft/world/entity/EntitySpawnReason;Lnet/minecraft/world/entity/SpawnGroupData;)Lnet/minecraft/world/entity/SpawnGroupData; to onFinalizeSpawn(Lnet/minecraft/world/entity/Mob;Lnet/minecraft/world/level/ServerLevelAccessor;Lnet/minecraft/world/DifficultyInstance;Lnet/minecraft/world/entity/EntitySpawnReason;Lnet/minecraft/world/entity/SpawnGroupData;)Lnet/minecraft/world/entity/SpawnGroupData; inside of net/minecraft/world/entity/monster/Spider.finalizeSpawn
[04Jan2025 10:04:40.413] [pool-5-thread-1/DEBUG] [net.minecraftforge.coremod.transformer.CoreModBaseTransformer/COREMOD]: Transforming net/minecraft/world/entity/monster/Zombie
[04Jan2025 10:04:40.417] [pool-5-thread-1/DEBUG] [net.minecraftforge.coremod.CoreMod.forge/COREMODLOG]: Redirecting method call finalizeSpawn(Lnet/minecraft/world/level/ServerLevelAccessor;Lnet/minecraft/world/DifficultyInstance;Lnet/minecraft/world/entity/EntitySpawnReason;Lnet/minecraft/world/entity/SpawnGroupData;)Lnet/minecraft/world/entity/SpawnGroupData; to onFinalizeSpawn(Lnet/minecraft/world/entity/Mob;Lnet/minecraft/world/level/ServerLevelAccessor;Lnet/minecraft/world/DifficultyInstance;Lnet/minecraft/world/entity/EntitySpawnReason;Lnet/minecraft/world/entity/SpawnGroupData;)Lnet/minecraft/world/entity/SpawnGroupData; inside of net/minecraft/world/entity/monster/Zombie.hurtServer
[04Jan2025 10:04:40.422] [pool-5-thread-1/DEBUG] [net.minecraftforge.coremod.CoreMod.forge/COREMODLOG]: Redirecting method call finalizeSpawn(Lnet/minecraft/world/level/ServerLevelAccessor;Lnet/minecraft/world/DifficultyInstance;Lnet/minecraft/world/entity/EntitySpawnReason;Lnet/minecraft/world/entity/SpawnGroupData;)Lnet/minecraft/world/entity/SpawnGroupData; to onFinalizeSpawn(Lnet/minecraft/world/entity/Mob;Lnet/minecraft/world/level/ServerLevelAccessor;Lnet/minecraft/world/DifficultyInstance;Lnet/minecraft/world/entity/EntitySpawnReason;Lnet/minecraft/world/entity/SpawnGroupData;)Lnet/minecraft/world/entity/SpawnGroupData; inside of net/minecraft/world/entity/monster/Zombie.finalizeSpawn
[04Jan2025 10:04:40.424] [pool-5-thread-1/DEBUG] [net.minecraftforge.coremod.CoreMod.forge/COREMODLOG]: Redirecting method call finalizeSpawn(Lnet/minecraft/world/level/ServerLevelAccessor;Lnet/minecraft/world/DifficultyInstance;Lnet/minecraft/world/entity/EntitySpawnReason;Lnet/minecraft/world/entity/SpawnGroupData;)Lnet/minecraft/world/entity/SpawnGroupData; to onFinalizeSpawn(Lnet/minecraft/world/entity/Mob;Lnet/minecraft/world/level/ServerLevelAccessor;Lnet/minecraft/world/DifficultyInstance;Lnet/minecraft/world/entity/EntitySpawnReason;Lnet/minecraft/world/entity/SpawnGroupData;)Lnet/minecraft/world/entity/SpawnGroupData; inside of net/minecraft/world/entity/monster/Zombie.lambda$convertVillagerToZombieVillager$4
[04Jan2025 10:04:40.430] [pool-5-thread-1/DEBUG] [net.minecraftforge.coremod.transformer.CoreModBaseTransformer/COREMOD]: Transforming net/minecraft/world/entity/npc/Villager
[04Jan2025 10:04:40.432] [pool-5-thread-1/DEBUG] [net.minecraftforge.coremod.CoreMod.forge/COREMODLOG]: Redirecting method call finalizeSpawn(Lnet/minecraft/world/level/ServerLevelAccessor;Lnet/minecraft/world/DifficultyInstance;Lnet/minecraft/world/entity/EntitySpawnReason;Lnet/minecraft/world/entity/SpawnGroupData;)Lnet/minecraft/world/entity/SpawnGroupData; to onFinalizeSpawn(Lnet/minecraft/world/entity/Mob;Lnet/minecraft/world/level/ServerLevelAccessor;Lnet/minecraft/world/DifficultyInstance;Lnet/minecraft/world/entity/EntitySpawnReason;Lnet/minecraft/world/entity/SpawnGroupData;)Lnet/minecraft/world/entity/SpawnGroupData; inside of net/minecraft/world/entity/npc/Villager.getBreedOffspring
[04Jan2025 10:04:40.433] [pool-5-thread-1/DEBUG] [net.minecraftforge.coremod.CoreMod.forge/COREMODLOG]: Redirecting method call finalizeSpawn(Lnet/minecraft/world/level/ServerLevelAccessor;Lnet/minecraft/world/DifficultyInstance;Lnet/minecraft/world/entity/EntitySpawnReason;Lnet/minecraft/world/entity/SpawnGroupData;)Lnet/minecraft/world/entity/SpawnGroupData; to onFinalizeSpawn(Lnet/minecraft/world/entity/Mob;Lnet/minecraft/world/level/ServerLevelAccessor;Lnet/minecraft/world/DifficultyInstance;Lnet/minecraft/world/entity/EntitySpawnReason;Lnet/minecraft/world/entity/SpawnGroupData;)Lnet/minecraft/world/entity/SpawnGroupData; inside of net/minecraft/world/entity/npc/Villager.lambda$thunderHit$10
[04Jan2025 10:04:40.445] [pool-5-thread-1/DEBUG] [net.minecraftforge.coremod.transformer.CoreModBaseTransformer/COREMOD]: Transforming net/minecraft/world/entity/monster/ZombieVillager
[04Jan2025 10:04:40.448] [pool-5-thread-1/DEBUG] [net.minecraftforge.coremod.CoreMod.forge/COREMODLOG]: Redirecting method call finalizeSpawn(Lnet/minecraft/world/level/ServerLevelAccessor;Lnet/minecraft/world/DifficultyInstance;Lnet/minecraft/world/entity/EntitySpawnReason;Lnet/minecraft/world/entity/SpawnGroupData;)Lnet/minecraft/world/entity/SpawnGroupData; to onFinalizeSpawn(Lnet/minecraft/world/entity/Mob;Lnet/minecraft/world/level/ServerLevelAccessor;Lnet/minecraft/world/DifficultyInstance;Lnet/minecraft/world/entity/EntitySpawnReason;Lnet/minecraft/world/entity/SpawnGroupData;)Lnet/minecraft/world/entity/SpawnGroupData; inside of net/minecraft/world/entity/monster/ZombieVillager.lambda$finishConversion$5
[04Jan2025 10:04:40.474] [pool-5-thread-1/DEBUG] [net.minecraftforge.coremod.transformer.CoreModBaseTransformer/COREMOD]: Transforming net/minecraft/world/entity/monster/Evoker$EvokerSummonSpellGoal
[04Jan2025 10:04:40.477] [pool-5-thread-1/DEBUG] [net.minecraftforge.coremod.CoreMod.forge/COREMODLOG]: Redirecting method call finalizeSpawn(Lnet/minecraft/world/level/ServerLevelAccessor;Lnet/minecraft/world/DifficultyInstance;Lnet/minecraft/world/entity/EntitySpawnReason;Lnet/minecraft/world/entity/SpawnGroupData;)Lnet/minecraft/world/entity/SpawnGroupData; to onFinalizeSpawn(Lnet/minecraft/world/entity/Mob;Lnet/minecraft/world/level/ServerLevelAccessor;Lnet/minecraft/world/DifficultyInstance;Lnet/minecraft/world/entity/EntitySpawnReason;Lnet/minecraft/world/entity/SpawnGroupData;)Lnet/minecraft/world/entity/SpawnGroupData; inside of net/minecraft/world/entity/monster/Evoker$EvokerSummonSpellGoal.performSpellCasting
[04Jan2025 10:04:40.562] [pool-5-thread-1/DEBUG] [net.minecraftforge.coremod.transformer.CoreModBaseTransformer/COREMOD]: Transforming net/minecraft/world/entity/animal/horse/SkeletonTrapGoal
[04Jan2025 10:04:40.564] [pool-5-thread-1/DEBUG] [net.minecraftforge.coremod.CoreMod.forge/COREMODLOG]: Redirecting method call finalizeSpawn(Lnet/minecraft/world/level/ServerLevelAccessor;Lnet/minecraft/world/DifficultyInstance;Lnet/minecraft/world/entity/EntitySpawnReason;Lnet/minecraft/world/entity/SpawnGroupData;)Lnet/minecraft/world/entity/SpawnGroupData; to onFinalizeSpawn(Lnet/minecraft/world/entity/Mob;Lnet/minecraft/world/level/ServerLevelAccessor;Lnet/minecraft/world/DifficultyInstance;Lnet/minecraft/world/entity/EntitySpawnReason;Lnet/minecraft/world/entity/SpawnGroupData;)Lnet/minecraft/world/entity/SpawnGroupData; inside of net/minecraft/world/entity/animal/horse/SkeletonTrapGoal.createHorse
[04Jan2025 10:04:40.565] [pool-5-thread-1/DEBUG] [net.minecraftforge.coremod.CoreMod.forge/COREMODLOG]: Redirecting method call finalizeSpawn(Lnet/minecraft/world/level/ServerLevelAccessor;Lnet/minecraft/world/DifficultyInstance;Lnet/minecraft/world/entity/EntitySpawnReason;Lnet/minecraft/world/entity/SpawnGroupData;)Lnet/minecraft/world/entity/SpawnGroupData; to onFinalizeSpawn(Lnet/minecraft/world/entity/Mob;Lnet/minecraft/world/level/ServerLevelAccessor;Lnet/minecraft/world/DifficultyInstance;Lnet/minecraft/world/entity/EntitySpawnReason;Lnet/minecraft/world/entity/SpawnGroupData;)Lnet/minecraft/world/entity/SpawnGroupData; inside of net/minecraft/world/entity/animal/horse/SkeletonTrapGoal.createSkeleton
[04Jan2025 10:04:40.574] [pool-5-thread-1/DEBUG] [net.minecraftforge.coremod.transformer.CoreModBaseTransformer/COREMOD]: Transforming net/minecraft/world/entity/monster/Strider
[04Jan2025 10:04:40.574] [pool-5-thread-1/DEBUG] [net.minecraftforge.coremod.CoreMod.forge/COREMODLOG]: Redirecting method call finalizeSpawn(Lnet/minecraft/world/level/ServerLevelAccessor;Lnet/minecraft/world/DifficultyInstance;Lnet/minecraft/world/entity/EntitySpawnReason;Lnet/minecraft/world/entity/SpawnGroupData;)Lnet/minecraft/world/entity/SpawnGroupData; to onFinalizeSpawn(Lnet/minecraft/world/entity/Mob;Lnet/minecraft/world/level/ServerLevelAccessor;Lnet/minecraft/world/DifficultyInstance;Lnet/minecraft/world/entity/EntitySpawnReason;Lnet/minecraft/world/entity/SpawnGroupData;)Lnet/minecraft/world/entity/SpawnGroupData; inside of net/minecraft/world/entity/monster/Strider.spawnJockey
[04Jan2025 10:04:41.215] [pool-5-thread-1/DEBUG] [net.minecraftforge.coremod.transformer.CoreModBaseTransformer/COREMOD]: Transforming net/minecraft/world/level/levelgen/structure/structures/OceanRuinPieces$OceanRuinPiece
[04Jan2025 10:04:41.218] [pool-5-thread-1/DEBUG] [net.minecraftforge.coremod.CoreMod.forge/COREMODLOG]: Redirecting method call finalizeSpawn(Lnet/minecraft/world/level/ServerLevelAccessor;Lnet/minecraft/world/DifficultyInstance;Lnet/minecraft/world/entity/EntitySpawnReason;Lnet/minecraft/world/entity/SpawnGroupData;)Lnet/minecraft/world/entity/SpawnGroupData; to onFinalizeSpawn(Lnet/minecraft/world/entity/Mob;Lnet/minecraft/world/level/ServerLevelAccessor;Lnet/minecraft/world/DifficultyInstance;Lnet/minecraft/world/entity/EntitySpawnReason;Lnet/minecraft/world/entity/SpawnGroupData;)Lnet/minecraft/world/entity/SpawnGroupData; inside of net/minecraft/world/level/levelgen/structure/structures/OceanRuinPieces$OceanRuinPiece.handleDataMarker
[04Jan2025 10:04:41.222] [pool-5-thread-1/DEBUG] [net.minecraftforge.coremod.transformer.CoreModBaseTransformer/COREMOD]: Transforming net/minecraft/world/level/levelgen/structure/structures/SwampHutPiece
[04Jan2025 10:04:41.226] [pool-5-thread-1/DEBUG] [net.minecraftforge.coremod.CoreMod.forge/COREMODLOG]: Redirecting method call finalizeSpawn(Lnet/minecraft/world/level/ServerLevelAccessor;Lnet/minecraft/world/DifficultyInstance;Lnet/minecraft/world/entity/EntitySpawnReason;Lnet/minecraft/world/entity/SpawnGroupData;)Lnet/minecraft/world/entity/SpawnGroupData; to onFinalizeSpawn(Lnet/minecraft/world/entity/Mob;Lnet/minecraft/world/level/ServerLevelAccessor;Lnet/minecraft/world/DifficultyInstance;Lnet/minecraft/world/entity/EntitySpawnReason;Lnet/minecraft/world/entity/SpawnGroupData;)Lnet/minecraft/world/entity/SpawnGroupData; inside of net/minecraft/world/level/levelgen/structure/structures/SwampHutPiece.postProcess
[04Jan2025 10:04:41.227] [pool-5-thread-1/DEBUG] [net.minecraftforge.coremod.CoreMod.forge/COREMODLOG]: Redirecting method call finalizeSpawn(Lnet/minecraft/world/level/ServerLevelAccessor;Lnet/minecraft/world/DifficultyInstance;Lnet/minecraft/world/entity/EntitySpawnReason;Lnet/minecraft/world/entity/SpawnGroupData;)Lnet/minecraft/world/entity/SpawnGroupData; to onFinalizeSpawn(Lnet/minecraft/world/entity/Mob;Lnet/minecraft/world/level/ServerLevelAccessor;Lnet/minecraft/world/DifficultyInstance;Lnet/minecraft/world/entity/EntitySpawnReason;Lnet/minecraft/world/entity/SpawnGroupData;)Lnet/minecraft/world/entity/SpawnGroupData; inside of net/minecraft/world/level/levelgen/structure/structures/SwampHutPiece.spawnCat
[04Jan2025 10:04:41.229] [pool-5-thread-1/DEBUG] [net.minecraftforge.coremod.transformer.CoreModBaseTransformer/COREMOD]: Transforming net/minecraft/world/level/levelgen/structure/structures/OceanMonumentPieces$OceanMonumentPiece
[04Jan2025 10:04:41.231] [pool-5-thread-1/DEBUG] [net.minecraftforge.coremod.CoreMod.forge/COREMODLOG]: Redirecting method call finalizeSpawn(Lnet/minecraft/world/level/ServerLevelAccessor;Lnet/minecraft/world/DifficultyInstance;Lnet/minecraft/world/entity/EntitySpawnReason;Lnet/minecraft/world/entity/SpawnGroupData;)Lnet/minecraft/world/entity/SpawnGroupData; to onFinalizeSpawn(Lnet/minecraft/world/entity/Mob;Lnet/minecraft/world/level/ServerLevelAccessor;Lnet/minecraft/world/DifficultyInstance;Lnet/minecraft/world/entity/EntitySpawnReason;Lnet/minecraft/world/entity/SpawnGroupData;)Lnet/minecraft/world/entity/SpawnGroupData; inside of net/minecraft/world/level/levelgen/structure/structures/OceanMonumentPieces$OceanMonumentPiece.spawnElder
[04Jan2025 10:04:41.236] [pool-5-thread-1/DEBUG] [net.minecraftforge.coremod.transformer.CoreModBaseTransformer/COREMOD]: Transforming net/minecraft/world/level/levelgen/structure/structures/WoodlandMansionPieces$WoodlandMansionPiece
[04Jan2025 10:04:41.241] [pool-5-thread-1/DEBUG] [net.minecraftforge.coremod.CoreMod.forge/COREMODLOG]: Redirecting method call finalizeSpawn(Lnet/minecraft/world/level/ServerLevelAccessor;Lnet/minecraft/world/DifficultyInstance;Lnet/minecraft/world/entity/EntitySpawnReason;Lnet/minecraft/world/entity/SpawnGroupData;)Lnet/minecraft/world/entity/SpawnGroupData; to onFinalizeSpawn(Lnet/minecraft/world/entity/Mob;Lnet/minecraft/world/level/ServerLevelAccessor;Lnet/minecraft/world/DifficultyInstance;Lnet/minecraft/world/entity/EntitySpawnReason;Lnet/minecraft/world/entity/SpawnGroupData;)Lnet/minecraft/world/entity/SpawnGroupData; inside of net/minecraft/world/level/levelgen/structure/structures/WoodlandMansionPieces$WoodlandMansionPiece.handleDataMarker
[04Jan2025 10:04:41.493] [pool-5-thread-1/DEBUG] [net.minecraftforge.registries.GameData/REGISTRIES]: Creating vanilla freeze snapshot
[04Jan2025 10:04:41.495] [pool-5-thread-1/DEBUG] [net.minecraftforge.registries.ForgeRegistry/REGISTRIES]: Registry minecraft:block Sync: VANILLA -> ACTIVE
[04Jan2025 10:04:41.506] [pool-5-thread-1/DEBUG] [net.minecraftforge.registries.ForgeRegistry/REGISTRIES]: Registry minecraft:fluid Sync: VANILLA -> ACTIVE
[04Jan2025 10:04:41.507] [pool-5-thread-1/DEBUG] [net.minecraftforge.registries.ForgeRegistry/REGISTRIES]: Registry minecraft:item Sync: VANILLA -> ACTIVE
[04Jan2025 10:04:41.518] [pool-5-thread-1/DEBUG] [net.minecraftforge.registries.ForgeRegistry/REGISTRIES]: Registry minecraft:mob_effect Sync: VANILLA -> ACTIVE
[04Jan2025 10:04:41.519] [pool-5-thread-1/DEBUG] [net.minecraftforge.registries.ForgeRegistry/REGISTRIES]: Registry minecraft:sound_event Sync: VANILLA -> ACTIVE
[04Jan2025 10:04:41.530] [pool-5-thread-1/DEBUG] [net.minecraftforge.registries.ForgeRegistry/REGISTRIES]: Registry minecraft:potion Sync: VANILLA -> ACTIVE
[04Jan2025 10:04:41.530] [pool-5-thread-1/DEBUG] [net.minecraftforge.registries.ForgeRegistry/REGISTRIES]: Registry minecraft:entity_type Sync: VANILLA -> ACTIVE
[04Jan2025 10:04:41.531] [pool-5-thread-1/DEBUG] [net.minecraftforge.registries.ForgeRegistry/REGISTRIES]: Registry minecraft:block_entity_type Sync: VANILLA -> ACTIVE
[04Jan2025 10:04:41.532] [pool-5-thread-1/DEBUG] [net.minecraftforge.registries.ForgeRegistry/REGISTRIES]: Registry minecraft:particle_type Sync: VANILLA -> ACTIVE
[04Jan2025 10:04:41.532] [pool-5-thread-1/DEBUG] [net.minecraftforge.registries.ForgeRegistry/REGISTRIES]: Registry minecraft:menu Sync: VANILLA -> ACTIVE
[04Jan2025 10:04:41.533] [pool-5-thread-1/DEBUG] [net.minecraftforge.registries.ForgeRegistry/REGISTRIES]: Registry minecraft:painting_variant Sync: VANILLA -> ACTIVE
[04Jan2025 10:04:41.533] [pool-5-thread-1/DEBUG] [net.minecraftforge.registries.ForgeRegistry/REGISTRIES]: Registry minecraft:recipe_type Sync: VANILLA -> ACTIVE
[04Jan2025 10:04:41.533] [pool-5-thread-1/DEBUG] [net.minecraftforge.registries.ForgeRegistry/REGISTRIES]: Registry minecraft:recipe_serializer Sync: VANILLA -> ACTIVE
[04Jan2025 10:04:41.533] [pool-5-thread-1/DEBUG] [net.minecraftforge.registries.ForgeRegistry/REGISTRIES]: Registry minecraft:attribute Sync: VANILLA -> ACTIVE
[04Jan2025 10:04:41.534] [pool-5-thread-1/DEBUG] [net.minecraftforge.registries.ForgeRegistry/REGISTRIES]: Registry minecraft:stat_type Sync: VANILLA -> ACTIVE
[04Jan2025 10:04:41.534] [pool-5-thread-1/DEBUG] [net.minecraftforge.registries.ForgeRegistry/REGISTRIES]: Registry minecraft:command_argument_type Sync: VANILLA -> ACTIVE
[04Jan2025 10:04:41.534] [pool-5-thread-1/DEBUG] [net.minecraftforge.registries.ForgeRegistry/REGISTRIES]: Registry minecraft:data_component_type Sync: VANILLA -> ACTIVE
[04Jan2025 10:04:41.535] [pool-5-thread-1/DEBUG] [net.minecraftforge.registries.ForgeRegistry/REGISTRIES]: Registry minecraft:villager_profession Sync: VANILLA -> ACTIVE
[04Jan2025 10:04:41.535] [pool-5-thread-1/DEBUG] [net.minecraftforge.registries.ForgeRegistry/REGISTRIES]: Registry minecraft:point_of_interest_type Sync: VANILLA -> ACTIVE
[04Jan2025 10:04:41.537] [pool-5-thread-1/DEBUG] [net.minecraftforge.registries.ForgeRegistry/REGISTRIES]: Registry minecraft:memory_module_type Sync: VANILLA -> ACTIVE
[04Jan2025 10:04:41.538] [pool-5-thread-1/DEBUG] [net.minecraftforge.registries.ForgeRegistry/REGISTRIES]: Registry minecraft:sensor_type Sync: VANILLA -> ACTIVE
[04Jan2025 10:04:41.538] [pool-5-thread-1/DEBUG] [net.minecraftforge.registries.ForgeRegistry/REGISTRIES]: Registry minecraft:schedule Sync: VANILLA -> ACTIVE
[04Jan2025 10:04:41.538] [pool-5-thread-1/DEBUG] [net.minecraftforge.registries.ForgeRegistry/REGISTRIES]: Registry minecraft:activity Sync: VANILLA -> ACTIVE
[04Jan2025 10:04:41.539] [pool-5-thread-1/DEBUG] [net.minecraftforge.registries.ForgeRegistry/REGISTRIES]: Registry minecraft:worldgen/carver Sync: VANILLA -> ACTIVE
[04Jan2025 10:04:41.539] [pool-5-thread-1/DEBUG] [net.minecraftforge.registries.ForgeRegistry/REGISTRIES]: Registry minecraft:worldgen/feature Sync: VANILLA -> ACTIVE
[04Jan2025 10:04:41.539] [pool-5-thread-1/DEBUG] [net.minecraftforge.registries.ForgeRegistry/REGISTRIES]: Registry minecraft:chunk_status Sync: VANILLA -> ACTIVE
[04Jan2025 10:04:41.539] [pool-5-thread-1/DEBUG] [net.minecraftforge.registries.ForgeRegistry/REGISTRIES]: Registry minecraft:worldgen/block_state_provider_type Sync: VANILLA -> ACTIVE
[04Jan2025 10:04:41.539] [pool-5-thread-1/DEBUG] [net.minecraftforge.registries.ForgeRegistry/REGISTRIES]: Registry minecraft:worldgen/foliage_placer_type Sync: VANILLA -> ACTIVE
[04Jan2025 10:04:41.540] [pool-5-thread-1/DEBUG] [net.minecraftforge.registries.ForgeRegistry/REGISTRIES]: Registry minecraft:worldgen/tree_decorator_type Sync: VANILLA -> ACTIVE
[04Jan2025 10:04:41.540] [pool-5-thread-1/DEBUG] [net.minecraftforge.registries.ForgeRegistry/REGISTRIES]: Registry minecraft:worldgen/biome Sync: VANILLA -> ACTIVE
[04Jan2025 10:04:41.546] [pool-5-thread-1/DEBUG] [net.minecraftforge.registries.GameData/REGISTRIES]: Vanilla registry order:
[04Jan2025 10:04:41.546] [pool-5-thread-1/INFO] [net.minecraftforge.registries.GameData/REGISTRIES]: 	minecraft:root
[04Jan2025 10:04:41.546] [pool-5-thread-1/INFO] [net.minecraftforge.registries.GameData/REGISTRIES]: 	minecraft:sound_event
[04Jan2025 10:04:41.546] [pool-5-thread-1/INFO] [net.minecraftforge.registries.GameData/REGISTRIES]: 	minecraft:fluid
[04Jan2025 10:04:41.546] [pool-5-thread-1/INFO] [net.minecraftforge.registries.GameData/REGISTRIES]: 	minecraft:particle_type
[04Jan2025 10:04:41.547] [pool-5-thread-1/INFO] [net.minecraftforge.registries.GameData/REGISTRIES]: 	minecraft:attribute
[04Jan2025 10:04:41.547] [pool-5-thread-1/INFO] [net.minecraftforge.registries.GameData/REGISTRIES]: 	minecraft:mob_effect
[04Jan2025 10:04:41.547] [pool-5-thread-1/INFO] [net.minecraftforge.registries.GameData/REGISTRIES]: 	minecraft:block
[04Jan2025 10:04:41.547] [pool-5-thread-1/INFO] [net.minecraftforge.registries.GameData/REGISTRIES]: 	minecraft:enchantment_effect_component_type
[04Jan2025 10:04:41.547] [pool-5-thread-1/INFO] [net.minecraftforge.registries.GameData/REGISTRIES]: 	minecraft:data_component_type
[04Jan2025 10:04:41.547] [pool-5-thread-1/INFO] [net.minecraftforge.registries.GameData/REGISTRIES]: 	minecraft:entity_type
[04Jan2025 10:04:41.547] [pool-5-thread-1/INFO] [net.minecraftforge.registries.GameData/REGISTRIES]: 	minecraft:item
[04Jan2025 10:04:41.547] [pool-5-thread-1/INFO] [net.minecraftforge.registries.GameData/REGISTRIES]: 	minecraft:game_event
[04Jan2025 10:04:41.547] [pool-5-thread-1/INFO] [net.minecraftforge.registries.GameData/REGISTRIES]: 	minecraft:potion
[04Jan2025 10:04:41.547] [pool-5-thread-1/INFO] [net.minecraftforge.registries.GameData/REGISTRIES]: 	minecraft:block_entity_type
[04Jan2025 10:04:41.547] [pool-5-thread-1/INFO] [net.minecraftforge.registries.GameData/REGISTRIES]: 	minecraft:stat_type
[04Jan2025 10:04:41.548] [pool-5-thread-1/INFO] [net.minecraftforge.registries.GameData/REGISTRIES]: 	minecraft:custom_stat
[04Jan2025 10:04:41.548] [pool-5-thread-1/INFO] [net.minecraftforge.registries.GameData/REGISTRIES]: 	minecraft:chunk_status
[04Jan2025 10:04:41.548] [pool-5-thread-1/INFO] [net.minecraftforge.registries.GameData/REGISTRIES]: 	minecraft:rule_test
[04Jan2025 10:04:41.548] [pool-5-thread-1/INFO] [net.minecraftforge.registries.GameData/REGISTRIES]: 	minecraft:rule_block_entity_modifier
[04Jan2025 10:04:41.548] [pool-5-thread-1/INFO] [net.minecraftforge.registries.GameData/REGISTRIES]: 	minecraft:pos_rule_test
[04Jan2025 10:04:41.548] [pool-5-thread-1/INFO] [net.minecraftforge.registries.GameData/REGISTRIES]: 	minecraft:menu
[04Jan2025 10:04:41.548] [pool-5-thread-1/INFO] [net.minecraftforge.registries.GameData/REGISTRIES]: 	minecraft:recipe_type
[04Jan2025 10:04:41.548] [pool-5-thread-1/INFO] [net.minecraftforge.registries.GameData/REGISTRIES]: 	minecraft:recipe_serializer
[04Jan2025 10:04:41.548] [pool-5-thread-1/INFO] [net.minecraftforge.registries.GameData/REGISTRIES]: 	minecraft:position_source_type
[04Jan2025 10:04:41.548] [pool-5-thread-1/INFO] [net.minecraftforge.registries.GameData/REGISTRIES]: 	minecraft:command_argument_type
[04Jan2025 10:04:41.548] [pool-5-thread-1/INFO] [net.minecraftforge.registries.GameData/REGISTRIES]: 	minecraft:villager_type
[04Jan2025 10:04:41.548] [pool-5-thread-1/INFO] [net.minecraftforge.registries.GameData/REGISTRIES]: 	minecraft:villager_profession
[04Jan2025 10:04:41.548] [pool-5-thread-1/INFO] [net.minecraftforge.registries.GameData/REGISTRIES]: 	minecraft:point_of_interest_type
[04Jan2025 10:04:41.549] [pool-5-thread-1/INFO] [net.minecraftforge.registries.GameData/REGISTRIES]: 	minecraft:memory_module_type
[04Jan2025 10:04:41.549] [pool-5-thread-1/INFO] [net.minecraftforge.registries.GameData/REGISTRIES]: 	minecraft:sensor_type
[04Jan2025 10:04:41.549] [pool-5-thread-1/INFO] [net.minecraftforge.registries.GameData/REGISTRIES]: 	minecraft:activity
[04Jan2025 10:04:41.549] [pool-5-thread-1/INFO] [net.minecraftforge.registries.GameData/REGISTRIES]: 	minecraft:schedule
[04Jan2025 10:04:41.549] [pool-5-thread-1/INFO] [net.minecraftforge.registries.GameData/REGISTRIES]: 	minecraft:loot_score_provider_type
[04Jan2025 10:04:41.549] [pool-5-thread-1/INFO] [net.minecraftforge.registries.GameData/REGISTRIES]: 	minecraft:loot_number_provider_type
[04Jan2025 10:04:41.549] [pool-5-thread-1/INFO] [net.minecraftforge.registries.GameData/REGISTRIES]: 	minecraft:map_decoration_type
[04Jan2025 10:04:41.549] [pool-5-thread-1/INFO] [net.minecraftforge.registries.GameData/REGISTRIES]: 	minecraft:loot_nbt_provider_type
[04Jan2025 10:04:41.549] [pool-5-thread-1/INFO] [net.minecraftforge.registries.GameData/REGISTRIES]: 	minecraft:loot_function_type
[04Jan2025 10:04:41.549] [pool-5-thread-1/INFO] [net.minecraftforge.registries.GameData/REGISTRIES]: 	minecraft:loot_pool_entry_type
[04Jan2025 10:04:41.549] [pool-5-thread-1/INFO] [net.minecraftforge.registries.GameData/REGISTRIES]: 	minecraft:loot_condition_type
[04Jan2025 10:04:41.549] [pool-5-thread-1/INFO] [net.minecraftforge.registries.GameData/REGISTRIES]: 	minecraft:float_provider_type
[04Jan2025 10:04:41.549] [pool-5-thread-1/INFO] [net.minecraftforge.registries.GameData/REGISTRIES]: 	minecraft:int_provider_type
[04Jan2025 10:04:41.549] [pool-5-thread-1/INFO] [net.minecraftforge.registries.GameData/REGISTRIES]: 	minecraft:height_provider_type
[04Jan2025 10:04:41.549] [pool-5-thread-1/INFO] [net.minecraftforge.registries.GameData/REGISTRIES]: 	minecraft:block_predicate_type
[04Jan2025 10:04:41.549] [pool-5-thread-1/INFO] [net.minecraftforge.registries.GameData/REGISTRIES]: 	minecraft:worldgen/carver
[04Jan2025 10:04:41.549] [pool-5-thread-1/INFO] [net.minecraftforge.registries.GameData/REGISTRIES]: 	minecraft:worldgen/structure_processor
[04Jan2025 10:04:41.549] [pool-5-thread-1/INFO] [net.minecraftforge.registries.GameData/REGISTRIES]: 	minecraft:worldgen/feature
[04Jan2025 10:04:41.549] [pool-5-thread-1/INFO] [net.minecraftforge.registries.GameData/REGISTRIES]: 	minecraft:worldgen/structure_placement
[04Jan2025 10:04:41.549] [pool-5-thread-1/INFO] [net.minecraftforge.registries.GameData/REGISTRIES]: 	minecraft:worldgen/structure_piece
[04Jan2025 10:04:41.549] [pool-5-thread-1/INFO] [net.minecraftforge.registries.GameData/REGISTRIES]: 	minecraft:worldgen/structure_type
[04Jan2025 10:04:41.549] [pool-5-thread-1/INFO] [net.minecraftforge.registries.GameData/REGISTRIES]: 	minecraft:worldgen/placement_modifier_type
[04Jan2025 10:04:41.549] [pool-5-thread-1/INFO] [net.minecraftforge.registries.GameData/REGISTRIES]: 	minecraft:worldgen/block_state_provider_type
[04Jan2025 10:04:41.549] [pool-5-thread-1/INFO] [net.minecraftforge.registries.GameData/REGISTRIES]: 	minecraft:worldgen/foliage_placer_type
[04Jan2025 10:04:41.549] [pool-5-thread-1/INFO] [net.minecraftforge.registries.GameData/REGISTRIES]: 	minecraft:worldgen/trunk_placer_type
[04Jan2025 10:04:41.549] [pool-5-thread-1/INFO] [net.minecraftforge.registries.GameData/REGISTRIES]: 	minecraft:worldgen/root_placer_type
[04Jan2025 10:04:41.549] [pool-5-thread-1/INFO] [net.minecraftforge.registries.GameData/REGISTRIES]: 	minecraft:worldgen/tree_decorator_type
[04Jan2025 10:04:41.549] [pool-5-thread-1/INFO] [net.minecraftforge.registries.GameData/REGISTRIES]: 	minecraft:worldgen/feature_size_type
[04Jan2025 10:04:41.549] [pool-5-thread-1/INFO] [net.minecraftforge.registries.GameData/REGISTRIES]: 	minecraft:worldgen/biome_source
[04Jan2025 10:04:41.549] [pool-5-thread-1/INFO] [net.minecraftforge.registries.GameData/REGISTRIES]: 	minecraft:worldgen/chunk_generator
[04Jan2025 10:04:41.549] [pool-5-thread-1/INFO] [net.minecraftforge.registries.GameData/REGISTRIES]: 	minecraft:worldgen/material_condition
[04Jan2025 10:04:41.549] [pool-5-thread-1/INFO] [net.minecraftforge.registries.GameData/REGISTRIES]: 	minecraft:worldgen/material_rule
[04Jan2025 10:04:41.549] [pool-5-thread-1/INFO] [net.minecraftforge.registries.GameData/REGISTRIES]: 	minecraft:worldgen/density_function_type
[04Jan2025 10:04:41.549] [pool-5-thread-1/INFO] [net.minecraftforge.registries.GameData/REGISTRIES]: 	minecraft:block_type
[04Jan2025 10:04:41.551] [pool-5-thread-1/INFO] [net.minecraftforge.registries.GameData/REGISTRIES]: 	minecraft:worldgen/structure_pool_element
[04Jan2025 10:04:41.551] [pool-5-thread-1/INFO] [net.minecraftforge.registries.GameData/REGISTRIES]: 	minecraft:worldgen/pool_alias_binding
[04Jan2025 10:04:41.551] [pool-5-thread-1/INFO] [net.minecraftforge.registries.GameData/REGISTRIES]: 	minecraft:cat_variant
[04Jan2025 10:04:41.551] [pool-5-thread-1/INFO] [net.minecraftforge.registries.GameData/REGISTRIES]: 	minecraft:frog_variant
[04Jan2025 10:04:41.551] [pool-5-thread-1/INFO] [net.minecraftforge.registries.GameData/REGISTRIES]: 	minecraft:decorated_pot_pattern
[04Jan2025 10:04:41.551] [pool-5-thread-1/INFO] [net.minecraftforge.registries.GameData/REGISTRIES]: 	minecraft:creative_mode_tab
[04Jan2025 10:04:41.551] [pool-5-thread-1/INFO] [net.minecraftforge.registries.GameData/REGISTRIES]: 	minecraft:trigger_type
[04Jan2025 10:04:41.551] [pool-5-thread-1/INFO] [net.minecraftforge.registries.GameData/REGISTRIES]: 	minecraft:number_format_type
[04Jan2025 10:04:41.551] [pool-5-thread-1/INFO] [net.minecraftforge.registries.GameData/REGISTRIES]: 	minecraft:entity_sub_predicate_type
[04Jan2025 10:04:41.551] [pool-5-thread-1/INFO] [net.minecraftforge.registries.GameData/REGISTRIES]: 	minecraft:item_sub_predicate_type
[04Jan2025 10:04:41.551] [pool-5-thread-1/INFO] [net.minecraftforge.registries.GameData/REGISTRIES]: 	minecraft:enchantment_level_based_value_type
[04Jan2025 10:04:41.551] [pool-5-thread-1/INFO] [net.minecraftforge.registries.GameData/REGISTRIES]: 	minecraft:enchantment_entity_effect_type
[04Jan2025 10:04:41.551] [pool-5-thread-1/INFO] [net.minecraftforge.registries.GameData/REGISTRIES]: 	minecraft:enchantment_location_based_effect_type
[04Jan2025 10:04:41.551] [pool-5-thread-1/INFO] [net.minecraftforge.registries.GameData/REGISTRIES]: 	minecraft:enchantment_value_effect_type
[04Jan2025 10:04:41.551] [pool-5-thread-1/INFO] [net.minecraftforge.registries.GameData/REGISTRIES]: 	minecraft:enchantment_provider_type
[04Jan2025 10:04:41.551] [pool-5-thread-1/INFO] [net.minecraftforge.registries.GameData/REGISTRIES]: 	minecraft:consume_effect_type
[04Jan2025 10:04:41.551] [pool-5-thread-1/INFO] [net.minecraftforge.registries.GameData/REGISTRIES]: 	minecraft:recipe_display
[04Jan2025 10:04:41.551] [pool-5-thread-1/INFO] [net.minecraftforge.registries.GameData/REGISTRIES]: 	minecraft:slot_display
[04Jan2025 10:04:41.551] [pool-5-thread-1/INFO] [net.minecraftforge.registries.GameData/REGISTRIES]: 	minecraft:recipe_book_category
[04Jan2025 10:04:41.552] [pool-5-thread-1/DEBUG] [net.minecraftforge.registries.GameData/REGISTRIES]: Vanilla freeze snapshot created
[04Jan2025 10:04:41.877] [Render thread/WARN] [net.minecraft.server.packs.VanillaPackResourcesBuilder/]: Assets URL 'union:/C:/Users/jakeb/.gradle/caches/forge_gradle/minecraft_user_repo/net/minecraftforge/forge/1.21.4-54.0.14_mapped_parchment_2024.12.29-1.21.4/forge-1.21.4-54.0.14_mapped_parchment_2024.12.29-1.21.4-recomp.jar%230!/assets/.mcassetsroot' uses unexpected schema
[04Jan2025 10:04:41.878] [Render thread/WARN] [net.minecraft.server.packs.VanillaPackResourcesBuilder/]: Assets URL 'union:/C:/Users/jakeb/.gradle/caches/forge_gradle/minecraft_user_repo/net/minecraftforge/forge/1.21.4-54.0.14_mapped_parchment_2024.12.29-1.21.4/forge-1.21.4-54.0.14_mapped_parchment_2024.12.29-1.21.4-recomp.jar%230!/data/.mcassetsroot' uses unexpected schema
[04Jan2025 10:04:41.900] [Render thread/INFO] [com.mojang.authlib.yggdrasil.YggdrasilAuthenticationService/]: Environment: Environment[sessionHost=https://sessionserver.mojang.com, servicesHost=https://api.minecraftservices.com, name=PROD]
[04Jan2025 10:04:41.905] [Render thread/INFO] [net.minecraft.client.Minecraft/]: Setting user: Dev
[04Jan2025 10:04:41.974] [Render thread/INFO] [net.minecraft.client.Minecraft/]: Backend library: LWJGL version 3.3.3+5
[04Jan2025 10:04:42.107] [Render thread/DEBUG] [net.minecraftforge.common.ForgeI18n/CORE]: Loading I18N data entries: 7215
[04Jan2025 10:04:42.109] [Render thread/DEBUG] [net.minecraftforge.fml.ModWorkManager/LOADING]: Using 16 threads for parallel mod-loading
[04Jan2025 10:04:42.124] [Render thread/DEBUG] [net.minecraftforge.fml.javafmlmod.FMLJavaModLanguageProvider/LOADING]: Loading FMLModContainer from classloader TransformingClassLoader[TRANSFORMER]@569305423 - got SecureModuleClassLoader[LAYER PLUGIN]@2082232630
[04Jan2025 10:04:42.128] [Render thread/DEBUG] [net.minecraftforge.fml.javafmlmod.FMLModContainer/LOADING]: Creating FMLModContainer instance for xyz.quazaros.compacttools.CompactTools
[04Jan2025 10:04:42.130] [Render thread/DEBUG] [net.minecraftforge.fml.javafmlmod.FMLModContainer/LOADING]: Loaded modclass compacttools73/xyz.quazaros.compacttools.CompactTools with TransformingClassLoader[TRANSFORMER]@569305423
[04Jan2025 10:04:42.130] [Render thread/DEBUG] [net.minecraftforge.fml.javafmlmod.FMLJavaModLanguageProvider/LOADING]: Loading FMLModContainer from classloader TransformingClassLoader[TRANSFORMER]@569305423 - got SecureModuleClassLoader[LAYER PLUGIN]@2082232630
[04Jan2025 10:04:42.130] [Render thread/DEBUG] [net.minecraftforge.fml.javafmlmod.FMLModContainer/LOADING]: Creating FMLModContainer instance for net.minecraftforge.common.ForgeMod
[04Jan2025 10:04:42.132] [Render thread/DEBUG] [net.minecraftforge.fml.javafmlmod.FMLModContainer/LOADING]: Loaded modclass net.minecraftforge.forge/net.minecraftforge.common.ForgeMod with TransformingClassLoader[TRANSFORMER]@569305423
[04Jan2025 10:04:42.159] [modloading-worker-0/DEBUG] [net.minecraftforge.versions.forge.ForgeVersion/CORE]: Forge Version package package net.minecraftforge.versions.forge, Forge, version 0.0 from TransformingClassLoader[TRANSFORMER]@569305423
[04Jan2025 10:04:42.160] [modloading-worker-0/DEBUG] [net.minecraftforge.versions.forge.ForgeVersion/CORE]: Found Forge version 54.0.14
[04Jan2025 10:04:42.160] [modloading-worker-0/DEBUG] [net.minecraftforge.versions.forge.ForgeVersion/CORE]: Found Forge spec 0.0
[04Jan2025 10:04:42.160] [modloading-worker-0/DEBUG] [net.minecraftforge.versions.forge.ForgeVersion/CORE]: Found Forge group net.minecraftforge
[04Jan2025 10:04:42.160] [modloading-worker-0/DEBUG] [net.minecraftforge.versions.mcp.MCPVersion/CORE]: MCP Version package package net.minecraftforge.versions.mcp, Minecraft, version 1.21.4 from TransformingClassLoader[TRANSFORMER]@569305423
[04Jan2025 10:04:42.161] [modloading-worker-0/DEBUG] [net.minecraftforge.versions.mcp.MCPVersion/CORE]: Found MC version information 1.21.4
[04Jan2025 10:04:42.161] [modloading-worker-0/DEBUG] [net.minecraftforge.versions.mcp.MCPVersion/CORE]: Found MCP version information 20241203.143248
[04Jan2025 10:04:42.161] [modloading-worker-0/INFO] [net.minecraftforge.common.ForgeMod/FORGEMOD]: Forge mod loading, version 54.0.14, for MC 1.21.4 with MCP 20241203.143248
[04Jan2025 10:04:42.161] [modloading-worker-0/INFO] [net.minecraftforge.common.MinecraftForge/FORGE]: MinecraftForge v54.0.14 Initialized
[04Jan2025 10:04:42.174] [modloading-worker-0/DEBUG] [net.minecraftforge.fml.config.ConfigTracker/CONFIG]: Config file compacttools73-common.toml for compacttools73 tracking
[04Jan2025 10:04:42.174] [modloading-worker-0/DEBUG] [net.minecraftforge.fml.javafmlmod.AutomaticEventSubscriber/LOADING]: Attempting to inject @EventBusSubscriber classes into the eventbus for compacttools73
[04Jan2025 10:04:42.176] [modloading-worker-0/INFO] [net.minecraftforge.common.ForgeMod/FORGEMOD]: Opening jdk.naming.dns/com.sun.jndi.dns to java.naming
[04Jan2025 10:04:42.177] [modloading-worker-0/DEBUG] [net.minecraftforge.fml.javafmlmod.AutomaticEventSubscriber/LOADING]: Auto-subscribing xyz.quazaros.compacttools.CompactTools$ClientModEvents to MOD
[04Jan2025 10:04:42.178] [modloading-worker-0/DEBUG] [net.minecraftforge.fml.javafmlmod.AutomaticEventSubscriber/LOADING]: Auto-subscribing xyz.quazaros.compacttools.Config to MOD
[04Jan2025 10:04:42.201] [modloading-worker-0/DEBUG] [io.netty.util.internal.PlatformDependent0/]: -Dio.netty.noUnsafe: false
[04Jan2025 10:04:42.202] [modloading-worker-0/DEBUG] [io.netty.util.internal.PlatformDependent0/]: Java version: 21
[04Jan2025 10:04:42.203] [modloading-worker-0/DEBUG] [io.netty.util.internal.PlatformDependent0/]: sun.misc.Unsafe.theUnsafe: available
[04Jan2025 10:04:42.203] [modloading-worker-0/DEBUG] [io.netty.util.internal.PlatformDependent0/]: sun.misc.Unsafe base methods: all available
[04Jan2025 10:04:42.203] [modloading-worker-0/DEBUG] [io.netty.util.internal.PlatformDependent0/]: sun.misc.Unsafe.storeFence: available
[04Jan2025 10:04:42.204] [modloading-worker-0/DEBUG] [io.netty.util.internal.PlatformDependent0/]: java.nio.Buffer.address: available
[04Jan2025 10:04:42.204] [modloading-worker-0/DEBUG] [io.netty.util.internal.PlatformDependent0/]: direct buffer constructor: unavailable
java.lang.UnsupportedOperationException: Reflective setAccessible(true) disabled
	at SECURE-BOOTSTRAP/io.netty.common@4.1.115.Final/io.netty.util.internal.ReflectionUtil.trySetAccessible(ReflectionUtil.java:31) ~[netty-common-4.1.115.Final.jar:4.1.115.Final]
	at SECURE-BOOTSTRAP/io.netty.common@4.1.115.Final/io.netty.util.internal.PlatformDependent0$5.run(PlatformDependent0.java:332) ~[netty-common-4.1.115.Final.jar:4.1.115.Final]
	at java.base/java.security.AccessController.doPrivileged(AccessController.java:319) ~[?:?]
	at SECURE-BOOTSTRAP/io.netty.common@4.1.115.Final/io.netty.util.internal.PlatformDependent0.<clinit>(PlatformDependent0.java:325) ~[netty-common-4.1.115.Final.jar:4.1.115.Final]
	at SECURE-BOOTSTRAP/io.netty.common@4.1.115.Final/io.netty.util.internal.PlatformDependent.isAndroid(PlatformDependent.java:334) ~[netty-common-4.1.115.Final.jar:4.1.115.Final]
	at SECURE-BOOTSTRAP/io.netty.common@4.1.115.Final/io.netty.util.internal.PlatformDependent.<clinit>(PlatformDependent.java:90) ~[netty-common-4.1.115.Final.jar:4.1.115.Final]
	at SECURE-BOOTSTRAP/io.netty.common@4.1.115.Final/io.netty.util.ConstantPool.<init>(ConstantPool.java:34) ~[netty-common-4.1.115.Final.jar:4.1.115.Final]
	at SECURE-BOOTSTRAP/io.netty.common@4.1.115.Final/io.netty.util.AttributeKey$1.<init>(AttributeKey.java:27) ~[netty-common-4.1.115.Final.jar:4.1.115.Final]
	at SECURE-BOOTSTRAP/io.netty.common@4.1.115.Final/io.netty.util.AttributeKey.<clinit>(AttributeKey.java:27) ~[netty-common-4.1.115.Final.jar:4.1.115.Final]
	at TRANSFORMER/net.minecraftforge.forge@54.0.14/net.minecraftforge.network.NetworkInitialization.<clinit>(NetworkInitialization.java:27) ~[forge-1.21.4-54.0.14_mapped_parchment_2024.12.29-1.21.4-recomp.jar:?]
	at TRANSFORMER/net.minecraftforge.forge@54.0.14/net.minecraftforge.common.ForgeMod.<init>(ForgeMod.java:379) ~[forge-1.21.4-54.0.14_mapped_parchment_2024.12.29-1.21.4-recomp.jar:?]
	at java.base/jdk.internal.reflect.DirectConstructorHandleAccessor.newInstance(DirectConstructorHandleAccessor.java:62) ~[?:?]
	at java.base/java.lang.reflect.Constructor.newInstanceWithCaller(Constructor.java:502) ~[?:?]
	at java.base/java.lang.reflect.Constructor.newInstance(Constructor.java:486) ~[?:?]
	at LAYER PLUGIN/net.minecraftforge.javafmlmod@1.21.4-54.0.14/net.minecraftforge.fml.javafmlmod.FMLModContainer.constructMod(FMLModContainer.java:144) ~[javafmllanguage-1.21.4-54.0.14.jar!/:54.0.14]
	at LAYER PLUGIN/net.minecraftforge.fmlcore@1.21.4-54.0.14/net.minecraftforge.fml.ModStateTransitionHelper.lambda$addCompletableFutureTaskForModDispatch$5(ModStateTransitionHelper.java:117) ~[fmlcore-1.21.4-54.0.14.jar!/:1.0]
	at java.base/java.util.concurrent.CompletableFuture$UniRun.tryFire(CompletableFuture.java:787) [?:?]
	at java.base/java.util.concurrent.CompletableFuture$Completion.exec(CompletableFuture.java:483) [?:?]
	at java.base/java.util.concurrent.ForkJoinTask.doExec(ForkJoinTask.java:387) [?:?]
	at java.base/java.util.concurrent.ForkJoinPool$WorkQueue.topLevelExec(ForkJoinPool.java:1312) [?:?]
	at java.base/java.util.concurrent.ForkJoinPool.scan(ForkJoinPool.java:1843) [?:?]
	at java.base/java.util.concurrent.ForkJoinPool.runWorker(ForkJoinPool.java:1808) [?:?]
	at java.base/java.util.concurrent.ForkJoinWorkerThread.run(ForkJoinWorkerThread.java:188) [?:?]
[04Jan2025 10:04:42.213] [modloading-worker-0/DEBUG] [io.netty.util.internal.PlatformDependent0/]: java.nio.Bits.unaligned: available, true
[04Jan2025 10:04:42.214] [modloading-worker-0/DEBUG] [io.netty.util.internal.PlatformDependent0/]: jdk.internal.misc.Unsafe.allocateUninitializedArray(int): unavailable
java.lang.IllegalAccessException: class io.netty.util.internal.PlatformDependent0$7 (in module io.netty.common) cannot access class jdk.internal.misc.Unsafe (in module java.base) because module java.base does not export jdk.internal.misc to module io.netty.common
	at java.base/jdk.internal.reflect.Reflection.newIllegalAccessException(Reflection.java:394) ~[?:?]
	at java.base/java.lang.reflect.AccessibleObject.checkAccess(AccessibleObject.java:714) ~[?:?]
	at java.base/java.lang.reflect.Method.invoke(Method.java:571) ~[?:?]
	at SECURE-BOOTSTRAP/io.netty.common@4.1.115.Final/io.netty.util.internal.PlatformDependent0$7.run(PlatformDependent0.java:468) ~[netty-common-4.1.115.Final.jar:4.1.115.Final]
	at java.base/java.security.AccessController.doPrivileged(AccessController.java:319) ~[?:?]
	at SECURE-BOOTSTRAP/io.netty.common@4.1.115.Final/io.netty.util.internal.PlatformDependent0.<clinit>(PlatformDependent0.java:459) ~[netty-common-4.1.115.Final.jar:4.1.115.Final]
	at SECURE-BOOTSTRAP/io.netty.common@4.1.115.Final/io.netty.util.internal.PlatformDependent.isAndroid(PlatformDependent.java:334) ~[netty-common-4.1.115.Final.jar:4.1.115.Final]
	at SECURE-BOOTSTRAP/io.netty.common@4.1.115.Final/io.netty.util.internal.PlatformDependent.<clinit>(PlatformDependent.java:90) ~[netty-common-4.1.115.Final.jar:4.1.115.Final]
	at SECURE-BOOTSTRAP/io.netty.common@4.1.115.Final/io.netty.util.ConstantPool.<init>(ConstantPool.java:34) ~[netty-common-4.1.115.Final.jar:4.1.115.Final]
	at SECURE-BOOTSTRAP/io.netty.common@4.1.115.Final/io.netty.util.AttributeKey$1.<init>(AttributeKey.java:27) ~[netty-common-4.1.115.Final.jar:4.1.115.Final]
	at SECURE-BOOTSTRAP/io.netty.common@4.1.115.Final/io.netty.util.AttributeKey.<clinit>(AttributeKey.java:27) ~[netty-common-4.1.115.Final.jar:4.1.115.Final]
	at TRANSFORMER/net.minecraftforge.forge@54.0.14/net.minecraftforge.network.NetworkInitialization.<clinit>(NetworkInitialization.java:27) ~[forge-1.21.4-54.0.14_mapped_parchment_2024.12.29-1.21.4-recomp.jar:?]
	at TRANSFORMER/net.minecraftforge.forge@54.0.14/net.minecraftforge.common.ForgeMod.<init>(ForgeMod.java:379) ~[forge-1.21.4-54.0.14_mapped_parchment_2024.12.29-1.21.4-recomp.jar:?]
	at java.base/jdk.internal.reflect.DirectConstructorHandleAccessor.newInstance(DirectConstructorHandleAccessor.java:62) ~[?:?]
	at java.base/java.lang.reflect.Constructor.newInstanceWithCaller(Constructor.java:502) ~[?:?]
	at java.base/java.lang.reflect.Constructor.newInstance(Constructor.java:486) ~[?:?]
	at LAYER PLUGIN/net.minecraftforge.javafmlmod@1.21.4-54.0.14/net.minecraftforge.fml.javafmlmod.FMLModContainer.constructMod(FMLModContainer.java:144) ~[javafmllanguage-1.21.4-54.0.14.jar!/:54.0.14]
	at LAYER PLUGIN/net.minecraftforge.fmlcore@1.21.4-54.0.14/net.minecraftforge.fml.ModStateTransitionHelper.lambda$addCompletableFutureTaskForModDispatch$5(ModStateTransitionHelper.java:117) ~[fmlcore-1.21.4-54.0.14.jar!/:1.0]
	at java.base/java.util.concurrent.CompletableFuture$UniRun.tryFire(CompletableFuture.java:787) [?:?]
	at java.base/java.util.concurrent.CompletableFuture$Completion.exec(CompletableFuture.java:483) [?:?]
	at java.base/java.util.concurrent.ForkJoinTask.doExec(ForkJoinTask.java:387) [?:?]
	at java.base/java.util.concurrent.ForkJoinPool$WorkQueue.topLevelExec(ForkJoinPool.java:1312) [?:?]
	at java.base/java.util.concurrent.ForkJoinPool.scan(ForkJoinPool.java:1843) [?:?]
	at java.base/java.util.concurrent.ForkJoinPool.runWorker(ForkJoinPool.java:1808) [?:?]
	at java.base/java.util.concurrent.ForkJoinWorkerThread.run(ForkJoinWorkerThread.java:188) [?:?]
[04Jan2025 10:04:42.216] [modloading-worker-0/DEBUG] [io.netty.util.internal.PlatformDependent0/]: java.nio.DirectByteBuffer.<init>(long, {int,long}): unavailable
[04Jan2025 10:04:42.216] [modloading-worker-0/DEBUG] [io.netty.util.internal.PlatformDependent/]: sun.misc.Unsafe: available
[04Jan2025 10:04:42.217] [modloading-worker-0/DEBUG] [io.netty.util.internal.PlatformDependent/]: -Dio.netty.tmpdir: C:\Users\jakeb\AppData\Local\Temp (java.io.tmpdir)
[04Jan2025 10:04:42.217] [modloading-worker-0/DEBUG] [io.netty.util.internal.PlatformDependent/]: -Dio.netty.bitMode: 64 (sun.arch.data.model)
[04Jan2025 10:04:42.217] [modloading-worker-0/DEBUG] [io.netty.util.internal.PlatformDependent/]: Platform: Windows
[04Jan2025 10:04:42.218] [modloading-worker-0/DEBUG] [io.netty.util.internal.PlatformDependent/]: -Dio.netty.maxDirectMemory: -1 bytes
[04Jan2025 10:04:42.218] [modloading-worker-0/DEBUG] [io.netty.util.internal.PlatformDependent/]: -Dio.netty.uninitializedArrayAllocationThreshold: -1
[04Jan2025 10:04:42.219] [modloading-worker-0/DEBUG] [io.netty.util.internal.CleanerJava9/]: java.nio.ByteBuffer.cleaner(): available
[04Jan2025 10:04:42.219] [modloading-worker-0/DEBUG] [io.netty.util.internal.PlatformDependent/]: -Dio.netty.noPreferDirect: false
[04Jan2025 10:04:42.249] [modloading-worker-0/DEBUG] [net.minecraftforge.network.NetworkInitialization/FORGE_NETWORK]: Registering Network forge:login v0
[04Jan2025 10:04:42.249] [modloading-worker-0/DEBUG] [net.minecraftforge.network.NetworkInitialization/FORGE_NETWORK]: Registering Network forge:handshake v0
[04Jan2025 10:04:42.249] [modloading-worker-0/DEBUG] [net.minecraftforge.network.NetworkInitialization/FORGE_NETWORK]: Registering Network forge:handshake v0
[04Jan2025 10:04:42.249] [modloading-worker-0/DEBUG] [net.minecraftforge.network.NetworkInitialization/FORGE_NETWORK]: Registering Network forge:channel_registration v0
[04Jan2025 10:04:42.258] [modloading-worker-0/DEBUG] [net.minecraftforge.fml.config.ConfigTracker/CONFIG]: Config file forge-client.toml for forge tracking
[04Jan2025 10:04:42.259] [modloading-worker-0/DEBUG] [net.minecraftforge.fml.config.ConfigTracker/CONFIG]: Config file forge-server.toml for forge tracking
[04Jan2025 10:04:42.259] [modloading-worker-0/DEBUG] [net.minecraftforge.fml.config.ConfigTracker/CONFIG]: Config file forge-common.toml for forge tracking
[04Jan2025 10:04:42.271] [modloading-worker-0/DEBUG] [net.minecraftforge.fml.javafmlmod.AutomaticEventSubscriber/LOADING]: Attempting to inject @EventBusSubscriber classes into the eventbus for forge
[04Jan2025 10:04:42.272] [modloading-worker-0/DEBUG] [net.minecraftforge.fml.javafmlmod.AutomaticEventSubscriber/LOADING]: Auto-subscribing net.minecraftforge.client.model.data.ModelDataManager to FORGE
[04Jan2025 10:04:42.274] [modloading-worker-0/DEBUG] [net.minecraftforge.fml.javafmlmod.AutomaticEventSubscriber/LOADING]: Auto-subscribing net.minecraftforge.client.ClientForgeMod to MOD
[04Jan2025 10:04:42.282] [Render thread/DEBUG] [net.minecraftforge.registries.ObjectHolderRegistry/REGISTRIES]: Processing ObjectHolder annotations
[04Jan2025 10:04:42.287] [Render thread/DEBUG] [net.minecraftforge.common.capabilities.CapabilityManager/CAPABILITIES]: Attempting to automatically register: Lnet/minecraftforge/energy/IEnergyStorage;
[04Jan2025 10:04:42.288] [Render thread/DEBUG] [net.minecraftforge.common.capabilities.CapabilityManager/CAPABILITIES]: Attempting to automatically register: Lnet/minecraftforge/fluids/capability/IFluidHandler;
[04Jan2025 10:04:42.288] [Render thread/DEBUG] [net.minecraftforge.common.capabilities.CapabilityManager/CAPABILITIES]: Attempting to automatically register: Lnet/minecraftforge/fluids/capability/IFluidHandlerItem;
[04Jan2025 10:04:42.288] [Render thread/DEBUG] [net.minecraftforge.common.capabilities.CapabilityManager/CAPABILITIES]: Attempting to automatically register: Lnet/minecraftforge/items/IItemHandler;
[04Jan2025 10:04:42.289] [Render thread/DEBUG] [net.minecraftforge.registries.GameData/REGISTRIES]: Unfreezing vanilla registries
[04Jan2025 10:04:42.293] [Render thread/DEBUG] [net.minecraftforge.registries.GameData/REGISTRIES]: Applying holder lookups: minecraft:sound_event
[04Jan2025 10:04:42.293] [Render thread/DEBUG] [net.minecraftforge.registries.GameData/REGISTRIES]: Holder lookups applied: minecraft:sound_event
[04Jan2025 10:04:42.293] [Render thread/DEBUG] [net.minecraftforge.registries.GameData/REGISTRIES]: Applying holder lookups: minecraft:fluid
[04Jan2025 10:04:42.293] [Render thread/DEBUG] [net.minecraftforge.registries.GameData/REGISTRIES]: Holder lookups applied: minecraft:fluid
[04Jan2025 10:04:42.293] [Render thread/DEBUG] [net.minecraftforge.registries.GameData/REGISTRIES]: Applying holder lookups: minecraft:particle_type
[04Jan2025 10:04:42.293] [Render thread/DEBUG] [net.minecraftforge.registries.GameData/REGISTRIES]: Holder lookups applied: minecraft:particle_type
[04Jan2025 10:04:42.294] [Render thread/DEBUG] [net.minecraftforge.registries.GameData/REGISTRIES]: Applying holder lookups: minecraft:attribute
[04Jan2025 10:04:42.294] [Render thread/DEBUG] [net.minecraftforge.registries.GameData/REGISTRIES]: Holder lookups applied: minecraft:attribute
[04Jan2025 10:04:42.294] [Render thread/DEBUG] [net.minecraftforge.registries.GameData/REGISTRIES]: Applying holder lookups: minecraft:mob_effect
[04Jan2025 10:04:42.294] [Render thread/DEBUG] [net.minecraftforge.registries.GameData/REGISTRIES]: Holder lookups applied: minecraft:mob_effect
[04Jan2025 10:04:42.294] [Render thread/DEBUG] [net.minecraftforge.registries.GameData/REGISTRIES]: Applying holder lookups: minecraft:block
[04Jan2025 10:04:42.294] [Render thread/DEBUG] [net.minecraftforge.registries.GameData/REGISTRIES]: Holder lookups applied: minecraft:block
[04Jan2025 10:04:42.294] [Render thread/DEBUG] [net.minecraftforge.registries.GameData/REGISTRIES]: Applying holder lookups: minecraft:enchantment_effect_component_type
[04Jan2025 10:04:42.294] [Render thread/DEBUG] [net.minecraftforge.registries.GameData/REGISTRIES]: Holder lookups applied: minecraft:enchantment_effect_component_type
[04Jan2025 10:04:42.295] [Render thread/DEBUG] [net.minecraftforge.registries.GameData/REGISTRIES]: Applying holder lookups: minecraft:data_component_type
[04Jan2025 10:04:42.295] [Render thread/DEBUG] [net.minecraftforge.registries.GameData/REGISTRIES]: Holder lookups applied: minecraft:data_component_type
[04Jan2025 10:04:42.295] [Render thread/DEBUG] [net.minecraftforge.registries.GameData/REGISTRIES]: Applying holder lookups: minecraft:entity_type
[04Jan2025 10:04:42.295] [Render thread/DEBUG] [net.minecraftforge.registries.GameData/REGISTRIES]: Holder lookups applied: minecraft:entity_type
[04Jan2025 10:04:42.296] [Render thread/DEBUG] [net.minecraftforge.registries.GameData/REGISTRIES]: Applying holder lookups: minecraft:item
[04Jan2025 10:04:42.296] [Render thread/DEBUG] [net.minecraftforge.registries.GameData/REGISTRIES]: Holder lookups applied: minecraft:item
[04Jan2025 10:04:42.296] [Render thread/DEBUG] [net.minecraftforge.registries.GameData/REGISTRIES]: Applying holder lookups: minecraft:game_event
[04Jan2025 10:04:42.296] [Render thread/DEBUG] [net.minecraftforge.registries.GameData/REGISTRIES]: Holder lookups applied: minecraft:game_event
[04Jan2025 10:04:42.297] [Render thread/DEBUG] [net.minecraftforge.registries.GameData/REGISTRIES]: Applying holder lookups: minecraft:potion
[04Jan2025 10:04:42.297] [Render thread/DEBUG] [net.minecraftforge.registries.GameData/REGISTRIES]: Holder lookups applied: minecraft:potion
[04Jan2025 10:04:42.297] [Render thread/DEBUG] [net.minecraftforge.registries.GameData/REGISTRIES]: Applying holder lookups: minecraft:block_entity_type
[04Jan2025 10:04:42.297] [Render thread/DEBUG] [net.minecraftforge.registries.GameData/REGISTRIES]: Holder lookups applied: minecraft:block_entity_type
[04Jan2025 10:04:42.297] [Render thread/DEBUG] [net.minecraftforge.registries.GameData/REGISTRIES]: Applying holder lookups: minecraft:stat_type
[04Jan2025 10:04:42.297] [Render thread/DEBUG] [net.minecraftforge.registries.GameData/REGISTRIES]: Holder lookups applied: minecraft:stat_type
[04Jan2025 10:04:42.297] [Render thread/DEBUG] [net.minecraftforge.registries.GameData/REGISTRIES]: Applying holder lookups: minecraft:custom_stat
[04Jan2025 10:04:42.297] [Render thread/DEBUG] [net.minecraftforge.registries.GameData/REGISTRIES]: Holder lookups applied: minecraft:custom_stat
[04Jan2025 10:04:42.297] [Render thread/DEBUG] [net.minecraftforge.registries.GameData/REGISTRIES]: Applying holder lookups: minecraft:chunk_status
[04Jan2025 10:04:42.297] [Render thread/DEBUG] [net.minecraftforge.registries.GameData/REGISTRIES]: Holder lookups applied: minecraft:chunk_status
[04Jan2025 10:04:42.297] [Render thread/DEBUG] [net.minecraftforge.registries.GameData/REGISTRIES]: Applying holder lookups: minecraft:rule_test
[04Jan2025 10:04:42.297] [Render thread/DEBUG] [net.minecraftforge.registries.GameData/REGISTRIES]: Holder lookups applied: minecraft:rule_test
[04Jan2025 10:04:42.297] [Render thread/DEBUG] [net.minecraftforge.registries.GameData/REGISTRIES]: Applying holder lookups: minecraft:rule_block_entity_modifier
[04Jan2025 10:04:42.297] [Render thread/DEBUG] [net.minecraftforge.registries.GameData/REGISTRIES]: Holder lookups applied: minecraft:rule_block_entity_modifier
[04Jan2025 10:04:42.298] [Render thread/DEBUG] [net.minecraftforge.registries.GameData/REGISTRIES]: Applying holder lookups: minecraft:pos_rule_test
[04Jan2025 10:04:42.298] [Render thread/DEBUG] [net.minecraftforge.registries.GameData/REGISTRIES]: Holder lookups applied: minecraft:pos_rule_test
[04Jan2025 10:04:42.298] [Render thread/DEBUG] [net.minecraftforge.registries.GameData/REGISTRIES]: Applying holder lookups: minecraft:menu
[04Jan2025 10:04:42.298] [Render thread/DEBUG] [net.minecraftforge.registries.GameData/REGISTRIES]: Holder lookups applied: minecraft:menu
[04Jan2025 10:04:42.298] [Render thread/DEBUG] [net.minecraftforge.registries.GameData/REGISTRIES]: Applying holder lookups: minecraft:recipe_type
[04Jan2025 10:04:42.298] [Render thread/DEBUG] [net.minecraftforge.registries.GameData/REGISTRIES]: Holder lookups applied: minecraft:recipe_type
[04Jan2025 10:04:42.300] [Render thread/DEBUG] [net.minecraftforge.registries.GameData/REGISTRIES]: Applying holder lookups: minecraft:recipe_serializer
[04Jan2025 10:04:42.300] [Render thread/DEBUG] [net.minecraftforge.registries.GameData/REGISTRIES]: Holder lookups applied: minecraft:recipe_serializer
[04Jan2025 10:04:42.300] [Render thread/DEBUG] [net.minecraftforge.registries.GameData/REGISTRIES]: Applying holder lookups: minecraft:position_source_type
[04Jan2025 10:04:42.300] [Render thread/DEBUG] [net.minecraftforge.registries.GameData/REGISTRIES]: Holder lookups applied: minecraft:position_source_type
[04Jan2025 10:04:42.300] [Render thread/DEBUG] [net.minecraftforge.registries.GameData/REGISTRIES]: Applying holder lookups: minecraft:command_argument_type
[04Jan2025 10:04:42.300] [Render thread/DEBUG] [net.minecraftforge.registries.GameData/REGISTRIES]: Holder lookups applied: minecraft:command_argument_type
[04Jan2025 10:04:42.300] [Render thread/DEBUG] [net.minecraftforge.registries.GameData/REGISTRIES]: Applying holder lookups: minecraft:villager_type
[04Jan2025 10:04:42.300] [Render thread/DEBUG] [net.minecraftforge.registries.GameData/REGISTRIES]: Holder lookups applied: minecraft:villager_type
[04Jan2025 10:04:42.300] [Render thread/DEBUG] [net.minecraftforge.registries.GameData/REGISTRIES]: Applying holder lookups: minecraft:villager_profession
[04Jan2025 10:04:42.300] [Render thread/DEBUG] [net.minecraftforge.registries.GameData/REGISTRIES]: Holder lookups applied: minecraft:villager_profession
[04Jan2025 10:04:42.300] [Render thread/DEBUG] [net.minecraftforge.registries.GameData/REGISTRIES]: Applying holder lookups: minecraft:point_of_interest_type
[04Jan2025 10:04:42.300] [Render thread/DEBUG] [net.minecraftforge.registries.GameData/REGISTRIES]: Holder lookups applied: minecraft:point_of_interest_type
[04Jan2025 10:04:42.300] [Render thread/DEBUG] [net.minecraftforge.registries.GameData/REGISTRIES]: Applying holder lookups: minecraft:memory_module_type
[04Jan2025 10:04:42.300] [Render thread/DEBUG] [net.minecraftforge.registries.GameData/REGISTRIES]: Holder lookups applied: minecraft:memory_module_type
[04Jan2025 10:04:42.300] [Render thread/DEBUG] [net.minecraftforge.registries.GameData/REGISTRIES]: Applying holder lookups: minecraft:sensor_type
[04Jan2025 10:04:42.300] [Render thread/DEBUG] [net.minecraftforge.registries.GameData/REGISTRIES]: Holder lookups applied: minecraft:sensor_type
[04Jan2025 10:04:42.300] [Render thread/DEBUG] [net.minecraftforge.registries.GameData/REGISTRIES]: Applying holder lookups: minecraft:activity
[04Jan2025 10:04:42.301] [Render thread/DEBUG] [net.minecraftforge.registries.GameData/REGISTRIES]: Holder lookups applied: minecraft:activity
[04Jan2025 10:04:42.301] [Render thread/DEBUG] [net.minecraftforge.registries.GameData/REGISTRIES]: Applying holder lookups: minecraft:schedule
[04Jan2025 10:04:42.301] [Render thread/DEBUG] [net.minecraftforge.registries.GameData/REGISTRIES]: Holder lookups applied: minecraft:schedule
[04Jan2025 10:04:42.301] [Render thread/DEBUG] [net.minecraftforge.registries.GameData/REGISTRIES]: Applying holder lookups: minecraft:loot_score_provider_type
[04Jan2025 10:04:42.301] [Render thread/DEBUG] [net.minecraftforge.registries.GameData/REGISTRIES]: Holder lookups applied: minecraft:loot_score_provider_type
[04Jan2025 10:04:42.301] [Render thread/DEBUG] [net.minecraftforge.registries.GameData/REGISTRIES]: Applying holder lookups: minecraft:loot_number_provider_type
[04Jan2025 10:04:42.301] [Render thread/DEBUG] [net.minecraftforge.registries.GameData/REGISTRIES]: Holder lookups applied: minecraft:loot_number_provider_type
[04Jan2025 10:04:42.301] [Render thread/DEBUG] [net.minecraftforge.registries.GameData/REGISTRIES]: Applying holder lookups: minecraft:map_decoration_type
[04Jan2025 10:04:42.301] [Render thread/DEBUG] [net.minecraftforge.registries.GameData/REGISTRIES]: Holder lookups applied: minecraft:map_decoration_type
[04Jan2025 10:04:42.301] [Render thread/DEBUG] [net.minecraftforge.registries.GameData/REGISTRIES]: Applying holder lookups: minecraft:loot_nbt_provider_type
[04Jan2025 10:04:42.301] [Render thread/DEBUG] [net.minecraftforge.registries.GameData/REGISTRIES]: Holder lookups applied: minecraft:loot_nbt_provider_type
[04Jan2025 10:04:42.301] [Render thread/DEBUG] [net.minecraftforge.registries.GameData/REGISTRIES]: Applying holder lookups: minecraft:loot_function_type
[04Jan2025 10:04:42.301] [Render thread/DEBUG] [net.minecraftforge.registries.GameData/REGISTRIES]: Holder lookups applied: minecraft:loot_function_type
[04Jan2025 10:04:42.301] [Render thread/DEBUG] [net.minecraftforge.registries.GameData/REGISTRIES]: Applying holder lookups: minecraft:loot_pool_entry_type
[04Jan2025 10:04:42.301] [Render thread/DEBUG] [net.minecraftforge.registries.GameData/REGISTRIES]: Holder lookups applied: minecraft:loot_pool_entry_type
[04Jan2025 10:04:42.303] [Render thread/DEBUG] [net.minecraftforge.registries.GameData/REGISTRIES]: Applying holder lookups: minecraft:loot_condition_type
[04Jan2025 10:04:42.303] [Render thread/DEBUG] [net.minecraftforge.registries.GameData/REGISTRIES]: Holder lookups applied: minecraft:loot_condition_type
[04Jan2025 10:04:42.303] [Render thread/DEBUG] [net.minecraftforge.registries.GameData/REGISTRIES]: Applying holder lookups: minecraft:float_provider_type
[04Jan2025 10:04:42.303] [Render thread/DEBUG] [net.minecraftforge.registries.GameData/REGISTRIES]: Holder lookups applied: minecraft:float_provider_type
[04Jan2025 10:04:42.304] [Render thread/DEBUG] [net.minecraftforge.registries.GameData/REGISTRIES]: Applying holder lookups: minecraft:int_provider_type
[04Jan2025 10:04:42.304] [Render thread/DEBUG] [net.minecraftforge.registries.GameData/REGISTRIES]: Holder lookups applied: minecraft:int_provider_type
[04Jan2025 10:04:42.304] [Render thread/DEBUG] [net.minecraftforge.registries.GameData/REGISTRIES]: Applying holder lookups: minecraft:height_provider_type
[04Jan2025 10:04:42.304] [Render thread/DEBUG] [net.minecraftforge.registries.GameData/REGISTRIES]: Holder lookups applied: minecraft:height_provider_type
[04Jan2025 10:04:42.304] [Render thread/DEBUG] [net.minecraftforge.registries.GameData/REGISTRIES]: Applying holder lookups: minecraft:block_predicate_type
[04Jan2025 10:04:42.304] [Render thread/DEBUG] [net.minecraftforge.registries.GameData/REGISTRIES]: Holder lookups applied: minecraft:block_predicate_type
[04Jan2025 10:04:42.304] [Render thread/DEBUG] [net.minecraftforge.registries.GameData/REGISTRIES]: Applying holder lookups: minecraft:worldgen/carver
[04Jan2025 10:04:42.304] [Render thread/DEBUG] [net.minecraftforge.registries.GameData/REGISTRIES]: Holder lookups applied: minecraft:worldgen/carver
[04Jan2025 10:04:42.304] [Render thread/DEBUG] [net.minecraftforge.registries.GameData/REGISTRIES]: Applying holder lookups: minecraft:worldgen/structure_processor
[04Jan2025 10:04:42.304] [Render thread/DEBUG] [net.minecraftforge.registries.GameData/REGISTRIES]: Holder lookups applied: minecraft:worldgen/structure_processor
[04Jan2025 10:04:42.304] [Render thread/DEBUG] [net.minecraftforge.registries.GameData/REGISTRIES]: Applying holder lookups: minecraft:worldgen/feature
[04Jan2025 10:04:42.304] [Render thread/DEBUG] [net.minecraftforge.registries.GameData/REGISTRIES]: Holder lookups applied: minecraft:worldgen/feature
[04Jan2025 10:04:42.304] [Render thread/DEBUG] [net.minecraftforge.registries.GameData/REGISTRIES]: Applying holder lookups: minecraft:worldgen/structure_placement
[04Jan2025 10:04:42.304] [Render thread/DEBUG] [net.minecraftforge.registries.GameData/REGISTRIES]: Holder lookups applied: minecraft:worldgen/structure_placement
[04Jan2025 10:04:42.304] [Render thread/DEBUG] [net.minecraftforge.registries.GameData/REGISTRIES]: Applying holder lookups: minecraft:worldgen/structure_piece
[04Jan2025 10:04:42.304] [Render thread/DEBUG] [net.minecraftforge.registries.GameData/REGISTRIES]: Holder lookups applied: minecraft:worldgen/structure_piece
[04Jan2025 10:04:42.304] [Render thread/DEBUG] [net.minecraftforge.registries.GameData/REGISTRIES]: Applying holder lookups: minecraft:worldgen/structure_type
[04Jan2025 10:04:42.304] [Render thread/DEBUG] [net.minecraftforge.registries.GameData/REGISTRIES]: Holder lookups applied: minecraft:worldgen/structure_type
[04Jan2025 10:04:42.305] [Render thread/DEBUG] [net.minecraftforge.registries.GameData/REGISTRIES]: Applying holder lookups: minecraft:worldgen/placement_modifier_type
[04Jan2025 10:04:42.305] [Render thread/DEBUG] [net.minecraftforge.registries.GameData/REGISTRIES]: Holder lookups applied: minecraft:worldgen/placement_modifier_type
[04Jan2025 10:04:42.305] [Render thread/DEBUG] [net.minecraftforge.registries.GameData/REGISTRIES]: Applying holder lookups: minecraft:worldgen/block_state_provider_type
[04Jan2025 10:04:42.305] [Render thread/DEBUG] [net.minecraftforge.registries.GameData/REGISTRIES]: Holder lookups applied: minecraft:worldgen/block_state_provider_type
[04Jan2025 10:04:42.305] [Render thread/DEBUG] [net.minecraftforge.registries.GameData/REGISTRIES]: Applying holder lookups: minecraft:worldgen/foliage_placer_type
[04Jan2025 10:04:42.305] [Render thread/DEBUG] [net.minecraftforge.registries.GameData/REGISTRIES]: Holder lookups applied: minecraft:worldgen/foliage_placer_type
[04Jan2025 10:04:42.305] [Render thread/DEBUG] [net.minecraftforge.registries.GameData/REGISTRIES]: Applying holder lookups: minecraft:worldgen/trunk_placer_type
[04Jan2025 10:04:42.305] [Render thread/DEBUG] [net.minecraftforge.registries.GameData/REGISTRIES]: Holder lookups applied: minecraft:worldgen/trunk_placer_type
[04Jan2025 10:04:42.305] [Render thread/DEBUG] [net.minecraftforge.registries.GameData/REGISTRIES]: Applying holder lookups: minecraft:worldgen/root_placer_type
[04Jan2025 10:04:42.305] [Render thread/DEBUG] [net.minecraftforge.registries.GameData/REGISTRIES]: Holder lookups applied: minecraft:worldgen/root_placer_type
[04Jan2025 10:04:42.305] [Render thread/DEBUG] [net.minecraftforge.registries.GameData/REGISTRIES]: Applying holder lookups: minecraft:worldgen/tree_decorator_type
[04Jan2025 10:04:42.306] [Render thread/DEBUG] [net.minecraftforge.registries.GameData/REGISTRIES]: Holder lookups applied: minecraft:worldgen/tree_decorator_type
[04Jan2025 10:04:42.306] [Render thread/DEBUG] [net.minecraftforge.registries.GameData/REGISTRIES]: Applying holder lookups: minecraft:worldgen/feature_size_type
[04Jan2025 10:04:42.306] [Render thread/DEBUG] [net.minecraftforge.registries.GameData/REGISTRIES]: Holder lookups applied: minecraft:worldgen/feature_size_type
[04Jan2025 10:04:42.306] [Render thread/DEBUG] [net.minecraftforge.registries.GameData/REGISTRIES]: Applying holder lookups: minecraft:worldgen/biome_source
[04Jan2025 10:04:42.306] [Render thread/DEBUG] [net.minecraftforge.registries.GameData/REGISTRIES]: Holder lookups applied: minecraft:worldgen/biome_source
[04Jan2025 10:04:42.306] [Render thread/DEBUG] [net.minecraftforge.registries.GameData/REGISTRIES]: Applying holder lookups: minecraft:worldgen/chunk_generator
[04Jan2025 10:04:42.306] [Render thread/DEBUG] [net.minecraftforge.registries.GameData/REGISTRIES]: Holder lookups applied: minecraft:worldgen/chunk_generator
[04Jan2025 10:04:42.306] [Render thread/DEBUG] [net.minecraftforge.registries.GameData/REGISTRIES]: Applying holder lookups: minecraft:worldgen/material_condition
[04Jan2025 10:04:42.306] [Render thread/DEBUG] [net.minecraftforge.registries.GameData/REGISTRIES]: Holder lookups applied: minecraft:worldgen/material_condition
[04Jan2025 10:04:42.306] [Render thread/DEBUG] [net.minecraftforge.registries.GameData/REGISTRIES]: Applying holder lookups: minecraft:worldgen/material_rule
[04Jan2025 10:04:42.306] [Render thread/DEBUG] [net.minecraftforge.registries.GameData/REGISTRIES]: Holder lookups applied: minecraft:worldgen/material_rule
[04Jan2025 10:04:42.306] [Render thread/DEBUG] [net.minecraftforge.registries.GameData/REGISTRIES]: Applying holder lookups: minecraft:worldgen/density_function_type
[04Jan2025 10:04:42.306] [Render thread/DEBUG] [net.minecraftforge.registries.GameData/REGISTRIES]: Holder lookups applied: minecraft:worldgen/density_function_type
[04Jan2025 10:04:42.306] [Render thread/DEBUG] [net.minecraftforge.registries.GameData/REGISTRIES]: Applying holder lookups: minecraft:block_type
[04Jan2025 10:04:42.306] [Render thread/DEBUG] [net.minecraftforge.registries.GameData/REGISTRIES]: Holder lookups applied: minecraft:block_type
[04Jan2025 10:04:42.306] [Render thread/DEBUG] [net.minecraftforge.registries.GameData/REGISTRIES]: Applying holder lookups: minecraft:worldgen/structure_pool_element
[04Jan2025 10:04:42.307] [Render thread/DEBUG] [net.minecraftforge.registries.GameData/REGISTRIES]: Holder lookups applied: minecraft:worldgen/structure_pool_element
[04Jan2025 10:04:42.307] [Render thread/DEBUG] [net.minecraftforge.registries.GameData/REGISTRIES]: Applying holder lookups: minecraft:worldgen/pool_alias_binding
[04Jan2025 10:04:42.307] [Render thread/DEBUG] [net.minecraftforge.registries.GameData/REGISTRIES]: Holder lookups applied: minecraft:worldgen/pool_alias_binding
[04Jan2025 10:04:42.307] [Render thread/DEBUG] [net.minecraftforge.registries.GameData/REGISTRIES]: Applying holder lookups: minecraft:cat_variant
[04Jan2025 10:04:42.307] [Render thread/DEBUG] [net.minecraftforge.registries.GameData/REGISTRIES]: Holder lookups applied: minecraft:cat_variant
[04Jan2025 10:04:42.307] [Render thread/DEBUG] [net.minecraftforge.registries.GameData/REGISTRIES]: Applying holder lookups: minecraft:frog_variant
[04Jan2025 10:04:42.307] [Render thread/DEBUG] [net.minecraftforge.registries.GameData/REGISTRIES]: Holder lookups applied: minecraft:frog_variant
[04Jan2025 10:04:42.307] [Render thread/DEBUG] [net.minecraftforge.registries.GameData/REGISTRIES]: Applying holder lookups: minecraft:decorated_pot_pattern
[04Jan2025 10:04:42.307] [Render thread/DEBUG] [net.minecraftforge.registries.GameData/REGISTRIES]: Holder lookups applied: minecraft:decorated_pot_pattern
[04Jan2025 10:04:42.307] [Render thread/DEBUG] [net.minecraftforge.registries.GameData/REGISTRIES]: Applying holder lookups: minecraft:creative_mode_tab
[04Jan2025 10:04:42.307] [Render thread/DEBUG] [net.minecraftforge.registries.GameData/REGISTRIES]: Holder lookups applied: minecraft:creative_mode_tab
[04Jan2025 10:04:42.307] [Render thread/DEBUG] [net.minecraftforge.registries.GameData/REGISTRIES]: Applying holder lookups: minecraft:trigger_type
[04Jan2025 10:04:42.307] [Render thread/DEBUG] [net.minecraftforge.registries.GameData/REGISTRIES]: Holder lookups applied: minecraft:trigger_type
[04Jan2025 10:04:42.307] [Render thread/DEBUG] [net.minecraftforge.registries.GameData/REGISTRIES]: Applying holder lookups: minecraft:number_format_type
[04Jan2025 10:04:42.307] [Render thread/DEBUG] [net.minecraftforge.registries.GameData/REGISTRIES]: Holder lookups applied: minecraft:number_format_type
[04Jan2025 10:04:42.307] [Render thread/DEBUG] [net.minecraftforge.registries.GameData/REGISTRIES]: Applying holder lookups: minecraft:entity_sub_predicate_type
[04Jan2025 10:04:42.307] [Render thread/DEBUG] [net.minecraftforge.registries.GameData/REGISTRIES]: Holder lookups applied: minecraft:entity_sub_predicate_type
[04Jan2025 10:04:42.307] [Render thread/DEBUG] [net.minecraftforge.registries.GameData/REGISTRIES]: Applying holder lookups: minecraft:item_sub_predicate_type
[04Jan2025 10:04:42.307] [Render thread/DEBUG] [net.minecraftforge.registries.GameData/REGISTRIES]: Holder lookups applied: minecraft:item_sub_predicate_type
[04Jan2025 10:04:42.308] [Render thread/DEBUG] [net.minecraftforge.registries.GameData/REGISTRIES]: Applying holder lookups: minecraft:enchantment_level_based_value_type
[04Jan2025 10:04:42.308] [Render thread/DEBUG] [net.minecraftforge.registries.GameData/REGISTRIES]: Holder lookups applied: minecraft:enchantment_level_based_value_type
[04Jan2025 10:04:42.308] [Render thread/DEBUG] [net.minecraftforge.registries.GameData/REGISTRIES]: Applying holder lookups: minecraft:enchantment_entity_effect_type
[04Jan2025 10:04:42.308] [Render thread/DEBUG] [net.minecraftforge.registries.GameData/REGISTRIES]: Holder lookups applied: minecraft:enchantment_entity_effect_type
[04Jan2025 10:04:42.308] [Render thread/DEBUG] [net.minecraftforge.registries.GameData/REGISTRIES]: Applying holder lookups: minecraft:enchantment_location_based_effect_type
[04Jan2025 10:04:42.308] [Render thread/DEBUG] [net.minecraftforge.registries.GameData/REGISTRIES]: Holder lookups applied: minecraft:enchantment_location_based_effect_type
[04Jan2025 10:04:42.308] [Render thread/DEBUG] [net.minecraftforge.registries.GameData/REGISTRIES]: Applying holder lookups: minecraft:enchantment_value_effect_type
[04Jan2025 10:04:42.308] [Render thread/DEBUG] [net.minecraftforge.registries.GameData/REGISTRIES]: Holder lookups applied: minecraft:enchantment_value_effect_type
[04Jan2025 10:04:42.308] [Render thread/DEBUG] [net.minecraftforge.registries.GameData/REGISTRIES]: Applying holder lookups: minecraft:enchantment_provider_type
[04Jan2025 10:04:42.308] [Render thread/DEBUG] [net.minecraftforge.registries.GameData/REGISTRIES]: Holder lookups applied: minecraft:enchantment_provider_type
[04Jan2025 10:04:42.308] [Render thread/DEBUG] [net.minecraftforge.registries.GameData/REGISTRIES]: Applying holder lookups: minecraft:consume_effect_type
[04Jan2025 10:04:42.308] [Render thread/DEBUG] [net.minecraftforge.registries.GameData/REGISTRIES]: Holder lookups applied: minecraft:consume_effect_type
[04Jan2025 10:04:42.308] [Render thread/DEBUG] [net.minecraftforge.registries.GameData/REGISTRIES]: Applying holder lookups: minecraft:recipe_display
[04Jan2025 10:04:42.308] [Render thread/DEBUG] [net.minecraftforge.registries.GameData/REGISTRIES]: Holder lookups applied: minecraft:recipe_display
[04Jan2025 10:04:42.308] [Render thread/DEBUG] [net.minecraftforge.registries.GameData/REGISTRIES]: Applying holder lookups: minecraft:slot_display
[04Jan2025 10:04:42.308] [Render thread/DEBUG] [net.minecraftforge.registries.GameData/REGISTRIES]: Holder lookups applied: minecraft:slot_display
[04Jan2025 10:04:42.308] [Render thread/DEBUG] [net.minecraftforge.registries.GameData/REGISTRIES]: Applying holder lookups: minecraft:recipe_book_category
[04Jan2025 10:04:42.308] [Render thread/DEBUG] [net.minecraftforge.registries.GameData/REGISTRIES]: Holder lookups applied: minecraft:recipe_book_category
[04Jan2025 10:04:42.315] [Render thread/DEBUG] [net.minecraftforge.registries.GameData/REGISTRIES]: Applying holder lookups: forge:biome_modifier_serializers
[04Jan2025 10:04:42.315] [Render thread/DEBUG] [net.minecraftforge.registries.GameData/REGISTRIES]: Holder lookups applied: forge:biome_modifier_serializers
[04Jan2025 10:04:42.319] [Render thread/DEBUG] [net.minecraftforge.registries.GameData/REGISTRIES]: Applying holder lookups: forge:condition_codecs
[04Jan2025 10:04:42.319] [Render thread/DEBUG] [net.minecraftforge.registries.GameData/REGISTRIES]: Holder lookups applied: forge:condition_codecs
[04Jan2025 10:04:42.320] [Render thread/DEBUG] [net.minecraftforge.registries.GameData/REGISTRIES]: Applying holder lookups: forge:display_contexts
[04Jan2025 10:04:42.320] [Render thread/DEBUG] [net.minecraftforge.registries.GameData/REGISTRIES]: Holder lookups applied: forge:display_contexts
[04Jan2025 10:04:42.320] [Render thread/DEBUG] [net.minecraftforge.registries.GameData/REGISTRIES]: Applying holder lookups: forge:entity_data_serializers
[04Jan2025 10:04:42.320] [Render thread/DEBUG] [net.minecraftforge.registries.GameData/REGISTRIES]: Holder lookups applied: forge:entity_data_serializers
[04Jan2025 10:04:42.323] [Render thread/DEBUG] [net.minecraftforge.registries.GameData/REGISTRIES]: Applying holder lookups: forge:fluid_type
[04Jan2025 10:04:42.324] [Render thread/DEBUG] [net.minecraftforge.registries.GameData/REGISTRIES]: Holder lookups applied: forge:fluid_type
[04Jan2025 10:04:42.324] [Render thread/DEBUG] [net.minecraftforge.registries.GameData/REGISTRIES]: Applying holder lookups: forge:global_loot_modifier_serializers
[04Jan2025 10:04:42.324] [Render thread/DEBUG] [net.minecraftforge.registries.GameData/REGISTRIES]: Holder lookups applied: forge:global_loot_modifier_serializers
[04Jan2025 10:04:42.327] [Render thread/DEBUG] [net.minecraftforge.registries.GameData/REGISTRIES]: Applying holder lookups: forge:holder_set_type
[04Jan2025 10:04:42.327] [Render thread/DEBUG] [net.minecraftforge.registries.GameData/REGISTRIES]: Holder lookups applied: forge:holder_set_type
[04Jan2025 10:04:42.331] [Render thread/DEBUG] [net.minecraftforge.registries.GameData/REGISTRIES]: Applying holder lookups: forge:ingredient_serializers
[04Jan2025 10:04:42.331] [Render thread/DEBUG] [net.minecraftforge.registries.GameData/REGISTRIES]: Holder lookups applied: forge:ingredient_serializers
[04Jan2025 10:04:42.331] [Render thread/DEBUG] [net.minecraftforge.registries.GameData/REGISTRIES]: Applying holder lookups: forge:structure_modifier_serializers
[04Jan2025 10:04:42.333] [Render thread/DEBUG] [net.minecraftforge.registries.GameData/REGISTRIES]: Holder lookups applied: forge:structure_modifier_serializers
[04Jan2025 10:04:42.333] [Render thread/DEBUG] [net.minecraftforge.registries.GameData/REGISTRIES]: Applying holder lookups: minecraft:painting_variant
[04Jan2025 10:04:42.333] [Render thread/DEBUG] [net.minecraftforge.registries.GameData/REGISTRIES]: Holder lookups applied: minecraft:painting_variant
[04Jan2025 10:04:42.333] [Render thread/DEBUG] [net.minecraftforge.registries.GameData/REGISTRIES]: Applying holder lookups: minecraft:worldgen/biome
[04Jan2025 10:04:42.333] [Render thread/DEBUG] [net.minecraftforge.registries.GameData/REGISTRIES]: Holder lookups applied: minecraft:worldgen/biome
[04Jan2025 10:04:42.388] [Render thread/DEBUG] [net.minecraftforge.resource.ResourcePackLoader/CORE]: Generating PackInfo named mod:compacttools73 for mod file C:\Users\jakeb\IdeaProjects\Minecraft\Mods\CompactTools\build\sourcesSets\main
[04Jan2025 10:04:42.390] [Render thread/DEBUG] [net.minecraftforge.resource.ResourcePackLoader/CORE]: Generating PackInfo named mod:forge for mod file /
[04Jan2025 10:04:42.607] [Render thread/INFO] [net.minecraftforge.gametest.ForgeGameTestHooks/]: Enabled Gametest Namespaces: [compacttools73]
[04Jan2025 10:04:42.735] [Render thread/INFO] [net.minecraft.server.packs.resources.ReloadableResourceManager/]: Reloading ResourceManager: vanilla, mod_resources
[04Jan2025 10:04:42.765] [modloading-worker-0/DEBUG] [net.minecraftforge.fml.config.ConfigTracker/CONFIG]: Loading configs type CLIENT
[04Jan2025 10:04:42.768] [modloading-worker-0/DEBUG] [net.minecraftforge.fml.config.ConfigFileTypeHandler/CONFIG]: Built TOML config for C:\Users\jakeb\IdeaProjects\Minecraft\Mods\CompactTools\run\config\forge-client.toml
[04Jan2025 10:04:42.769] [modloading-worker-0/DEBUG] [net.minecraftforge.fml.config.ConfigFileTypeHandler/CONFIG]: Loaded TOML config file C:\Users\jakeb\IdeaProjects\Minecraft\Mods\CompactTools\run\config\forge-client.toml
[04Jan2025 10:04:42.769] [modloading-worker-0/DEBUG] [net.minecraftforge.fml.config.ConfigFileTypeHandler/CONFIG]: Starting watcher for handler: ConfigFileTypeHandler[CLIENT]
[04Jan2025 10:04:42.787] [modloading-worker-0/DEBUG] [net.minecraftforge.fml.config.ConfigFileTypeHandler/CONFIG]: Watching TOML config file C:\Users\jakeb\IdeaProjects\Minecraft\Mods\CompactTools\run\config\forge-client.toml for changes
[04Jan2025 10:04:42.793] [modloading-worker-0/DEBUG] [net.minecraftforge.common.ForgeConfig/FORGEMOD]: Loaded forge config file forge-client.toml
[04Jan2025 10:04:42.794] [modloading-worker-0/DEBUG] [net.minecraftforge.fml.config.ConfigTracker/CONFIG]: Loading configs type COMMON
[04Jan2025 10:04:42.794] [modloading-worker-0/DEBUG] [net.minecraftforge.fml.config.ConfigFileTypeHandler/CONFIG]: Built TOML config for C:\Users\jakeb\IdeaProjects\Minecraft\Mods\CompactTools\run\config\compacttools73-common.toml
[04Jan2025 10:04:42.794] [modloading-worker-0/DEBUG] [net.minecraftforge.fml.config.ConfigFileTypeHandler/CONFIG]: Loaded TOML config file C:\Users\jakeb\IdeaProjects\Minecraft\Mods\CompactTools\run\config\compacttools73-common.toml
[04Jan2025 10:04:42.795] [modloading-worker-0/DEBUG] [net.minecraftforge.fml.config.ConfigFileTypeHandler/CONFIG]: Starting watcher for handler: ConfigFileTypeHandler[COMMON]
[04Jan2025 10:04:42.796] [modloading-worker-0/DEBUG] [net.minecraftforge.fml.config.ConfigFileTypeHandler/CONFIG]: Watching TOML config file C:\Users\jakeb\IdeaProjects\Minecraft\Mods\CompactTools\run\config\compacttools73-common.toml for changes
[04Jan2025 10:04:42.799] [modloading-worker-0/DEBUG] [net.minecraftforge.fml.config.ConfigFileTypeHandler/CONFIG]: Built TOML config for C:\Users\jakeb\IdeaProjects\Minecraft\Mods\CompactTools\run\config\forge-common.toml
[04Jan2025 10:04:42.799] [modloading-worker-0/DEBUG] [net.minecraftforge.fml.config.ConfigFileTypeHandler/CONFIG]: Loaded TOML config file C:\Users\jakeb\IdeaProjects\Minecraft\Mods\CompactTools\run\config\forge-common.toml
[04Jan2025 10:04:42.801] [modloading-worker-0/DEBUG] [net.minecraftforge.fml.config.ConfigFileTypeHandler/CONFIG]: Watching TOML config file C:\Users\jakeb\IdeaProjects\Minecraft\Mods\CompactTools\run\config\forge-common.toml for changes
[04Jan2025 10:04:42.802] [modloading-worker-0/DEBUG] [net.minecraftforge.common.ForgeConfig/FORGEMOD]: Loaded forge config file forge-common.toml
[04Jan2025 10:04:42.859] [Worker-Main-13/INFO] [net.minecraft.client.gui.font.providers.UnihexProvider/]: Found unifont_jp_patch-16.0.01.hex, loading
[04Jan2025 10:04:42.859] [Worker-Main-5/INFO] [net.minecraft.client.gui.font.providers.UnihexProvider/]: Found unifont_all_no_pua-16.0.01.hex, loading
[04Jan2025 10:04:42.952] [Forge Version Check/INFO] [net.minecraftforge.fml.VersionChecker/]: [forge] Starting version check at https://files.minecraftforge.net/net/minecraftforge/forge/promotions_slim.json
[04Jan2025 10:04:43.305] [pool-9-thread-1/DEBUG] [net.minecraftforge.fml.config.ConfigFileTypeHandler/CONFIG]: Config file forge-common.toml changed, sending notifies
[04Jan2025 10:04:43.307] [pool-9-thread-1/DEBUG] [net.minecraftforge.common.ForgeConfig/FORGEMOD]: Forge config just got changed on the file system!
[04Jan2025 10:04:43.545] [Forge Version Check/DEBUG] [net.minecraftforge.fml.VersionChecker/]: [forge] Received version check data:
{
  "homepage": "https://files.minecraftforge.net/net/minecraftforge/forge/",
  "promos": {
    "1.1-latest": "1.3.4.29",
    "1.2.3-latest": "1.4.1.64",
    "1.2.4-latest": "2.0.0.68",
    "1.2.5-latest": "3.4.9.171",
    "1.3.2-latest": "4.3.5.318",
    "1.4.0-latest": "5.0.0.326",
    "1.4.1-latest": "6.0.0.329",
    "1.4.2-latest": "6.0.1.355",
    "1.4.3-latest": "6.2.1.358",
    "1.4.4-latest": "6.3.0.378",
    "1.4.5-latest": "6.4.2.448",
    "1.4.6-latest": "6.5.0.489",
    "1.4.7-latest": "6.6.2.534",
    "1.5-latest": "7.7.0.598",
    "1.5.1-latest": "7.7.2.682",
    "1.5.2-latest": "7.8.1.738",
    "1.5.2-recommended": "7.8.1.738",
    "1.6.1-latest": "8.9.0.775",
    "1.6.2-latest": "9.10.1.871",
    "1.6.2-recommended": "9.10.1.871",
    "1.6.3-latest": "9.11.0.878",
    "1.6.4-latest": "9.11.1.1345",
    "1.6.4-recommended": "9.11.1.1345",
    "1.7.2-latest": "10.12.2.1161",
    "1.7.2-recommended": "10.12.2.1161",
    "1.7.10_pre4-latest": "10.12.2.1149",
    "1.7.10-latest": "10.13.4.1614",
    "1.7.10-recommended": "10.13.4.1614",
    "1.8-latest": "11.14.4.1577",
    "1.8-recommended": "11.14.4.1563",
    "1.8.8-latest": "11.15.0.1655",
    "1.8.9-latest": "11.15.1.2318",
    "1.8.9-recommended": "11.15.1.2318",
    "1.9-latest": "12.16.1.1938",
    "1.9-recommended": "12.16.1.1887",
    "1.9.4-latest": "12.17.0.2317",
    "1.9.4-recommended": "12.17.0.2317",
    "1.10-latest": "12.18.0.2000",
    "1.10.2-latest": "12.18.3.2511",
    "1.10.2-recommended": "12.18.3.2511",
    "1.11-latest": "13.19.1.2199",
    "1.11-recommended": "13.19.1.2189",
    "1.11.2-latest": "13.20.1.2588",
    "1.11.2-recommended": "13.20.1.2588",
    "1.12-latest": "14.21.1.2443",
    "1.12-recommended": "14.21.1.2387",
    "1.12.1-latest": "14.22.1.2485",
    "1.12.1-recommended": "14.22.1.2478",
    "1.12.2-latest": "14.23.5.2860",
    "1.12.2-recommended": "14.23.5.2859",
    "1.13.2-latest": "25.0.223",
    "1.14.2-latest": "26.0.63",
    "1.14.3-latest": "27.0.60",
    "1.14.4-latest": "28.2.26",
    "1.14.4-recommended": "28.2.26",
    "1.15-latest": "29.0.4",
    "1.15.1-latest": "30.0.51",
    "1.15.2-latest": "31.2.57",
    "1.15.2-recommended": "31.2.57",
    "1.16.1-latest": "32.0.108",
    "1.16.2-latest": "33.0.61",
    "1.16.3-latest": "34.1.42",
    "1.16.3-recommended": "34.1.0",
    "1.16.4-latest": "35.1.37",
    "1.16.4-recommended": "35.1.4",
    "1.16.5-latest": "36.2.42",
    "1.16.5-recommended": "36.2.34",
    "1.17.1-latest": "37.1.1",
    "1.17.1-recommended": "37.1.1",
    "1.18-latest": "38.0.17",
    "1.18.1-latest": "39.1.2",
    "1.18.1-recommended": "39.1.0",
    "1.18.2-recommended": "40.3.0",
    "1.18.2-latest": "40.3.0",
    "1.19-latest": "41.1.0",
    "1.19-recommended": "41.1.0",
    "1.19.1-latest": "42.0.9",
    "1.19.2-recommended": "43.4.0",
    "1.19.2-latest": "43.4.12",
    "1.19.3-latest": "44.1.23",
    "1.19.3-recommended": "44.1.0",
    "1.19.4-recommended": "45.3.0",
    "1.19.4-latest": "45.3.15",
    "1.20-latest": "46.0.14",
    "1.20.1-recommended": "47.3.0",
    "1.20.1-latest": "47.3.22",
    "1.20.2-latest": "48.1.0",
    "1.20.2-recommended": "48.1.0",
    "1.20.3-latest": "49.0.2",
    "1.20.4-latest": "49.1.21",
    "1.20.4-recommended": "49.1.0",
    "1.20.6-latest": "50.1.31",
    "1.20.6-recommended": "50.1.0",
    "1.21-latest": "51.0.33",
    "1.21.1-latest": "52.0.39",
    "1.21.3-latest": "53.0.36",
    "1.21.4-latest": "54.0.15"
  }
}
[04Jan2025 10:04:43.546] [Forge Version Check/INFO] [net.minecraftforge.fml.VersionChecker/]: [forge] Found status: BETA_OUTDATED Current: 54.0.14 Target: 54.0.15
[04Jan2025 10:04:43.986] [modloading-worker-0/DEBUG] [net.minecraftforge.registries.GameData/REGISTRIES]: Freezing registries
[04Jan2025 10:04:43.989] [modloading-worker-0/DEBUG] [net.minecraftforge.registries.ForgeRegistry/REGISTRIES]: Registry minecraft:block Sync: FROZEN -> ACTIVE
[04Jan2025 10:04:43.994] [modloading-worker-0/DEBUG] [net.minecraftforge.registries.ForgeRegistry/REGISTRIES]: Registry minecraft:fluid Sync: FROZEN -> ACTIVE
[04Jan2025 10:04:43.994] [modloading-worker-0/DEBUG] [net.minecraftforge.registries.ForgeRegistry/REGISTRIES]: Registry minecraft:item Sync: FROZEN -> ACTIVE
[04Jan2025 10:04:44.002] [modloading-worker-0/DEBUG] [net.minecraftforge.registries.ForgeRegistry/REGISTRIES]: Registry minecraft:mob_effect Sync: FROZEN -> ACTIVE
[04Jan2025 10:04:44.003] [modloading-worker-0/DEBUG] [net.minecraftforge.registries.ForgeRegistry/REGISTRIES]: Registry minecraft:sound_event Sync: FROZEN -> ACTIVE
[04Jan2025 10:04:44.010] [modloading-worker-0/DEBUG] [net.minecraftforge.registries.ForgeRegistry/REGISTRIES]: Registry minecraft:potion Sync: FROZEN -> ACTIVE
[04Jan2025 10:04:44.011] [modloading-worker-0/DEBUG] [net.minecraftforge.registries.ForgeRegistry/REGISTRIES]: Registry minecraft:entity_type Sync: FROZEN -> ACTIVE
[04Jan2025 10:04:44.011] [modloading-worker-0/DEBUG] [net.minecraftforge.registries.ForgeRegistry/REGISTRIES]: Registry minecraft:block_entity_type Sync: FROZEN -> ACTIVE
[04Jan2025 10:04:44.011] [modloading-worker-0/DEBUG] [net.minecraftforge.registries.ForgeRegistry/REGISTRIES]: Registry minecraft:particle_type Sync: FROZEN -> ACTIVE
[04Jan2025 10:04:44.011] [modloading-worker-0/DEBUG] [net.minecraftforge.registries.ForgeRegistry/REGISTRIES]: Registry minecraft:menu Sync: FROZEN -> ACTIVE
[04Jan2025 10:04:44.011] [modloading-worker-0/DEBUG] [net.minecraftforge.registries.ForgeRegistry/REGISTRIES]: Registry minecraft:painting_variant Sync: FROZEN -> ACTIVE
[04Jan2025 10:04:44.011] [modloading-worker-0/DEBUG] [net.minecraftforge.registries.ForgeRegistry/REGISTRIES]: Registry minecraft:recipe_type Sync: FROZEN -> ACTIVE
[04Jan2025 10:04:44.011] [modloading-worker-0/DEBUG] [net.minecraftforge.registries.ForgeRegistry/REGISTRIES]: Registry minecraft:recipe_serializer Sync: FROZEN -> ACTIVE
[04Jan2025 10:04:44.011] [modloading-worker-0/DEBUG] [net.minecraftforge.registries.ForgeRegistry/REGISTRIES]: Registry minecraft:attribute Sync: FROZEN -> ACTIVE
[04Jan2025 10:04:44.012] [modloading-worker-0/DEBUG] [net.minecraftforge.registries.ForgeRegistry/REGISTRIES]: Registry minecraft:stat_type Sync: FROZEN -> ACTIVE
[04Jan2025 10:04:44.012] [modloading-worker-0/DEBUG] [net.minecraftforge.registries.ForgeRegistry/REGISTRIES]: Registry minecraft:command_argument_type Sync: FROZEN -> ACTIVE
[04Jan2025 10:04:44.012] [modloading-worker-0/DEBUG] [net.minecraftforge.registries.ForgeRegistry/REGISTRIES]: Registry minecraft:data_component_type Sync: FROZEN -> ACTIVE
[04Jan2025 10:04:44.012] [modloading-worker-0/DEBUG] [net.minecraftforge.registries.ForgeRegistry/REGISTRIES]: Registry minecraft:villager_profession Sync: FROZEN -> ACTIVE
[04Jan2025 10:04:44.012] [modloading-worker-0/DEBUG] [net.minecraftforge.registries.ForgeRegistry/REGISTRIES]: Registry minecraft:point_of_interest_type Sync: FROZEN -> ACTIVE
[04Jan2025 10:04:44.013] [modloading-worker-0/DEBUG] [net.minecraftforge.registries.ForgeRegistry/REGISTRIES]: Registry minecraft:memory_module_type Sync: FROZEN -> ACTIVE
[04Jan2025 10:04:44.014] [modloading-worker-0/DEBUG] [net.minecraftforge.registries.ForgeRegistry/REGISTRIES]: Registry minecraft:sensor_type Sync: FROZEN -> ACTIVE
[04Jan2025 10:04:44.014] [modloading-worker-0/DEBUG] [net.minecraftforge.registries.ForgeRegistry/REGISTRIES]: Registry minecraft:schedule Sync: FROZEN -> ACTIVE
[04Jan2025 10:04:44.014] [modloading-worker-0/DEBUG] [net.minecraftforge.registries.ForgeRegistry/REGISTRIES]: Registry minecraft:activity Sync: FROZEN -> ACTIVE
[04Jan2025 10:04:44.014] [modloading-worker-0/DEBUG] [net.minecraftforge.registries.ForgeRegistry/REGISTRIES]: Registry minecraft:worldgen/carver Sync: FROZEN -> ACTIVE
[04Jan2025 10:04:44.014] [modloading-worker-0/DEBUG] [net.minecraftforge.registries.ForgeRegistry/REGISTRIES]: Registry minecraft:worldgen/feature Sync: FROZEN -> ACTIVE
[04Jan2025 10:04:44.014] [modloading-worker-0/DEBUG] [net.minecraftforge.registries.ForgeRegistry/REGISTRIES]: Registry minecraft:chunk_status Sync: FROZEN -> ACTIVE
[04Jan2025 10:04:44.014] [modloading-worker-0/DEBUG] [net.minecraftforge.registries.ForgeRegistry/REGISTRIES]: Registry minecraft:worldgen/block_state_provider_type Sync: FROZEN -> ACTIVE
[04Jan2025 10:04:44.015] [modloading-worker-0/DEBUG] [net.minecraftforge.registries.ForgeRegistry/REGISTRIES]: Registry minecraft:worldgen/foliage_placer_type Sync: FROZEN -> ACTIVE
[04Jan2025 10:04:44.015] [modloading-worker-0/DEBUG] [net.minecraftforge.registries.ForgeRegistry/REGISTRIES]: Registry minecraft:worldgen/tree_decorator_type Sync: FROZEN -> ACTIVE
[04Jan2025 10:04:44.015] [modloading-worker-0/DEBUG] [net.minecraftforge.registries.ForgeRegistry/REGISTRIES]: Registry minecraft:worldgen/biome Sync: FROZEN -> ACTIVE
[04Jan2025 10:04:44.015] [modloading-worker-0/DEBUG] [net.minecraftforge.registries.ForgeRegistry/REGISTRIES]: Registry forge:entity_data_serializers Sync: FROZEN -> ACTIVE
[04Jan2025 10:04:44.015] [modloading-worker-0/DEBUG] [net.minecraftforge.registries.ForgeRegistry/REGISTRIES]: Registry forge:global_loot_modifier_serializers Sync: FROZEN -> ACTIVE
[04Jan2025 10:04:44.015] [modloading-worker-0/DEBUG] [net.minecraftforge.registries.ForgeRegistry/REGISTRIES]: Registry forge:biome_modifier_serializers Sync: FROZEN -> ACTIVE
[04Jan2025 10:04:44.015] [modloading-worker-0/DEBUG] [net.minecraftforge.registries.ForgeRegistry/REGISTRIES]: Registry forge:structure_modifier_serializers Sync: FROZEN -> ACTIVE
[04Jan2025 10:04:44.015] [modloading-worker-0/DEBUG] [net.minecraftforge.registries.ForgeRegistry/REGISTRIES]: Registry forge:fluid_type Sync: FROZEN -> ACTIVE
[04Jan2025 10:04:44.015] [modloading-worker-0/DEBUG] [net.minecraftforge.registries.ForgeRegistry/REGISTRIES]: Registry forge:holder_set_type Sync: FROZEN -> ACTIVE
[04Jan2025 10:04:44.015] [modloading-worker-0/DEBUG] [net.minecraftforge.registries.ForgeRegistry/REGISTRIES]: Registry forge:display_contexts Sync: FROZEN -> ACTIVE
[04Jan2025 10:04:44.016] [modloading-worker-0/DEBUG] [net.minecraftforge.registries.ForgeRegistry/REGISTRIES]: Registry forge:condition_codecs Sync: FROZEN -> ACTIVE
[04Jan2025 10:04:44.016] [modloading-worker-0/DEBUG] [net.minecraftforge.registries.ForgeRegistry/REGISTRIES]: Registry forge:ingredient_serializers Sync: FROZEN -> ACTIVE
[04Jan2025 10:04:44.852] [modloading-worker-0/DEBUG] [net.minecraftforge.registries.GameData/REGISTRIES]: All registries frozen
[04Jan2025 10:04:44.881] [Render thread/DEBUG] [net.minecraftforge.common.ForgeI18n/CORE]: Loading I18N data entries: 6950
[04Jan2025 10:04:44.945] [Render thread/INFO] [com.mojang.blaze3d.audio.Library/]: OpenAL initialized on device OpenAL Soft on Speakers (High Definition Audio Device)
[04Jan2025 10:04:44.945] [Render thread/INFO] [net.minecraft.client.sounds.SoundEngine/SOUNDS]: Sound engine started
[04Jan2025 10:04:45.016] [Render thread/INFO] [net.minecraft.client.renderer.texture.TextureAtlas/]: Created: 1024x512x4 minecraft:textures/atlas/blocks.png-atlas
[04Jan2025 10:04:45.021] [Render thread/INFO] [net.minecraft.client.renderer.texture.TextureAtlas/]: Created: 256x256x4 minecraft:textures/atlas/signs.png-atlas
[04Jan2025 10:04:45.021] [Render thread/INFO] [net.minecraft.client.renderer.texture.TextureAtlas/]: Created: 512x512x4 minecraft:textures/atlas/shield_patterns.png-atlas
[04Jan2025 10:04:45.022] [Render thread/INFO] [net.minecraft.client.renderer.texture.TextureAtlas/]: Created: 512x512x4 minecraft:textures/atlas/banner_patterns.png-atlas
[04Jan2025 10:04:45.022] [Render thread/INFO] [net.minecraft.client.renderer.texture.TextureAtlas/]: Created: 2048x1024x4 minecraft:textures/atlas/armor_trims.png-atlas
[04Jan2025 10:04:45.025] [Render thread/INFO] [net.minecraft.client.renderer.texture.TextureAtlas/]: Created: 128x64x4 minecraft:textures/atlas/decorated_pot.png-atlas
[04Jan2025 10:04:45.025] [Render thread/INFO] [net.minecraft.client.renderer.texture.TextureAtlas/]: Created: 256x256x4 minecraft:textures/atlas/chest.png-atlas
[04Jan2025 10:04:45.026] [Render thread/INFO] [net.minecraft.client.renderer.texture.TextureAtlas/]: Created: 512x256x4 minecraft:textures/atlas/beds.png-atlas
[04Jan2025 10:04:45.026] [Render thread/INFO] [net.minecraft.client.renderer.texture.TextureAtlas/]: Created: 512x256x4 minecraft:textures/atlas/shulker_boxes.png-atlas
[04Jan2025 10:04:45.027] [Render thread/INFO] [net.minecraft.client.renderer.texture.TextureAtlas/]: Created: 64x64x0 minecraft:textures/atlas/map_decorations.png-atlas
[04Jan2025 10:04:45.141] [Render thread/INFO] [net.minecraft.client.renderer.texture.TextureAtlas/]: Created: 512x256x0 minecraft:textures/atlas/particles.png-atlas
[04Jan2025 10:04:45.141] [Render thread/INFO] [net.minecraft.client.renderer.texture.TextureAtlas/]: Created: 512x256x0 minecraft:textures/atlas/paintings.png-atlas
[04Jan2025 10:04:45.141] [Render thread/INFO] [net.minecraft.client.renderer.texture.TextureAtlas/]: Created: 256x128x0 minecraft:textures/atlas/mob_effects.png-atlas
[04Jan2025 10:04:45.141] [Render thread/INFO] [net.minecraft.client.renderer.texture.TextureAtlas/]: Created: 1024x512x0 minecraft:textures/atlas/gui.png-atlas
[04Jan2025 10:05:03.960] [Render thread/INFO] [net.minecraft.client.Minecraft/]: Stopping!
[04Jan2025 10:05:03.985] [Render thread/DEBUG] [net.minecraftforge.fml.config.ConfigTracker/CONFIG]: Unloading configs type CLIENT
[04Jan2025 10:05:03.986] [Render thread/DEBUG] [net.minecraftforge.fml.config.ConfigFileTypeHandler/CONFIG]: Stopping watcher for hander: ConfigFileTypeHandler[CLIENT]
[04Jan2025 10:05:03.987] [Render thread/DEBUG] [net.minecraftforge.fml.config.ConfigTracker/CONFIG]: Unloading configs type COMMON
[04Jan2025 10:05:03.991] [Render thread/DEBUG] [net.minecraftforge.fml.config.ConfigFileTypeHandler/CONFIG]: Stopping watcher for hander: ConfigFileTypeHandler[COMMON]
